,Population Change 2011-2016,Population density per square kilometre,"No certificate, diploma or degree",Secondary (high) school diploma or equivalency certificate,Apprenticeship or trades certificate or diploma,"College, CEGEP or other non-university certificate or diploma",University certificate or diploma below bachelor level,Bachelor's degree,University certificate or diploma above bachelor level,"Degree in medicine, dentistry, veterinary medicine or optometry",Master's degree,Earned doctorate,Married or living common law,Never married,Separated,Divorced,Widowed,Single-detached house,Apartment in a building that has five or more storeys,Semi-detached house,Row house,Apartment or flat in a duplex,Apartment in a building that has fewer than five storeys,1 person,2 persons,3 persons,4 persons,5 or more persons,"$50,000 to $59,999","$60,000 to $69,999","$70,000 to $79,999","$80,000 to $89,999","$90,000 to $99,999","$100,000 to $124,999","$125,000 to $149,999","$150,000 to $199,999",Non-immigrants,Before 1981,1981 to 1990,1991 to 2000,2001 to 2010,2011 to 2016,Non-permanent residents,North American Aboriginal origins,Other North American origins,British Isles origins,French origins,Western European origins (except French origins),Northern European origins (except British Isles origins),Eastern European origins,Southern European origins,Jewish,Caribbean origins,Latin; Central and South American origins,African origins,West Central Asian and Middle Eastern origins,South Asian origins,East and Southeast Asian origins,Oceania origins,Male: 15 to 24 years,Male: 25 to 34 years,Male: 35 to 44 years,Male: 45 to 54 years,Male: 55 to 64 years,Male: 65 and above,Female: 15 to 24 years,Female: 25 to 34 years,Female: 35 to 44 years,Female: 45 to 54 years,Female: 55 to 64 years,Female: 65 and above,"Under $10,000","$10,000 to $19,999","$20,000 to $29,999","$30,000 to $39,999","$40,000 to $49,999"
Agincourt North,-3.9,3929.0,3335.0,4240.0,520.0,2550.0,570.0,3090.0,215.0,105.0,735.0,85.0,14200.0,7355.0,570.0,1460.0,1690.0,3345.0,2120.0,805.0,1440.0,645.0,735.0,1350.0,2370.0,1995.0,1750.0,1645.0,930.0,755.0,695.0,640.0,500.0,935.0,465.0,510.0,7895.0,3450.0,3250.0,5595.0,5535.0,2165.0,930.0,40.0,1345.0,1500.0,265.0,350.0,80.0,265.0,1215.0,0.0,1445.0,470.0,535.0,475.0,5260.0,18575.0,10.0,1855.0,1850.0,1440.0,2050.0,1985.0,2720.0,1840.0,1940.0,1685.0,2350.0,2235.0,3305.0,255.0,615.0,905.0,960.0,930.0
Agincourt South-Malvern West,8.0,3034.0,1860.0,3410.0,460.0,2340.0,485.0,3270.0,215.0,120.0,920.0,85.0,11205.0,6605.0,460.0,1325.0,1080.0,2790.0,3145.0,330.0,515.0,695.0,610.0,1610.0,2325.0,1680.0,1335.0,1175.0,860.0,755.0,630.0,500.0,405.0,700.0,370.0,425.0,7190.0,2830.0,2255.0,3805.0,4460.0,1735.0,1175.0,105.0,1190.0,1750.0,260.0,425.0,95.0,430.0,1635.0,20.0,1395.0,480.0,625.0,805.0,4170.0,13075.0,0.0,1780.0,1865.0,1235.0,1730.0,1560.0,1865.0,1585.0,1810.0,1460.0,1860.0,1710.0,2220.0,450.0,480.0,765.0,845.0,915.0
Alderwood,1.3,2435.0,795.0,1825.0,445.0,1735.0,195.0,1415.0,105.0,45.0,390.0,25.0,5735.0,3005.0,270.0,595.0,685.0,2840.0,255.0,545.0,85.0,330.0,560.0,1105.0,1440.0,885.0,795.0,390.0,390.0,355.0,365.0,310.0,265.0,605.0,445.0,470.0,7975.0,1715.0,605.0,770.0,685.0,200.0,85.0,305.0,2355.0,3940.0,855.0,1150.0,230.0,2415.0,3345.0,65.0,350.0,315.0,215.0,205.0,575.0,1295.0,0.0,640.0,765.0,875.0,955.0,930.0,875.0,600.0,780.0,895.0,945.0,885.0,1130.0,105.0,165.0,335.0,380.0,410.0
Annex,4.6,10863.0,450.0,2060.0,365.0,2005.0,385.0,6855.0,670.0,330.0,3930.0,870.0,12275.0,12060.0,550.0,1885.0,1380.0,645.0,8165.0,1185.0,595.0,455.0,4795.0,7885.0,5220.0,1540.0,885.0,390.0,1160.0,1060.0,820.0,750.0,620.0,1205.0,780.0,2765.0,19030.0,3075.0,1015.0,1405.0,1790.0,975.0,1350.0,475.0,5255.0,11725.0,2670.0,4310.0,965.0,5800.0,4540.0,1235.0,750.0,765.0,1040.0,1420.0,1320.0,3945.0,140.0,1680.0,3690.0,1890.0,1770.0,1610.0,2575.0,2070.0,3940.0,1955.0,1790.0,1855.0,3335.0,1390.0,1445.0,1305.0,1305.0,1310.0
Banbury-Don Mills,2.9,2775.0,610.0,2265.0,400.0,2420.0,560.0,4895.0,530.0,430.0,1970.0,245.0,13240.0,6420.0,620.0,1715.0,2100.0,3485.0,6270.0,285.0,740.0,40.0,1315.0,4360.0,3820.0,1755.0,1515.0,675.0,1180.0,1000.0,790.0,690.0,595.0,1030.0,660.0,1915.0,13310.0,4225.0,1790.0,2565.0,3105.0,1500.0,485.0,230.0,3230.0,6460.0,1095.0,1955.0,365.0,3710.0,3545.0,370.0,815.0,585.0,990.0,2305.0,2940.0,6920.0,20.0,1415.0,1380.0,1550.0,2120.0,1660.0,2760.0,1310.0,1605.0,1870.0,2285.0,1900.0,4205.0,450.0,680.0,925.0,1075.0,1130.0
Bathurst Manor,2.8,3377.0,480.0,1830.0,385.0,1625.0,355.0,2485.0,375.0,135.0,880.0,155.0,7110.0,4010.0,385.0,1015.0,1030.0,2105.0,2055.0,165.0,45.0,640.0,1070.0,1660.0,1790.0,1095.0,970.0,575.0,500.0,495.0,420.0,350.0,305.0,585.0,365.0,635.0,7135.0,2015.0,795.0,1685.0,2035.0,1490.0,430.0,90.0,1630.0,1455.0,285.0,625.0,55.0,4440.0,3390.0,1170.0,440.0,670.0,600.0,1460.0,565.0,3200.0,0.0,1020.0,950.0,1015.0,1140.0,950.0,1180.0,915.0,1055.0,1190.0,1280.0,1075.0,1730.0,215.0,580.0,515.0,550.0,570.0
Bay Street Corridor,33.3,14097.0,285.0,1265.0,170.0,1085.0,300.0,5810.0,570.0,1130.0,3275.0,870.0,9305.0,12810.0,350.0,1105.0,540.0,5.0,14800.0,0.0,15.0,0.0,240.0,7605.0,5330.0,1410.0,575.0,145.0,1080.0,1085.0,895.0,650.0,480.0,940.0,595.0,1135.0,9995.0,1475.0,910.0,2315.0,3480.0,2275.0,5145.0,250.0,2445.0,4845.0,1195.0,1770.0,310.0,2595.0,2095.0,315.0,510.0,720.0,1135.0,2460.0,2515.0,10135.0,60.0,3070.0,3810.0,1570.0,1040.0,850.0,1045.0,3795.0,4085.0,1355.0,1220.0,925.0,1375.0,3285.0,1465.0,1230.0,1140.0,1100.0
Bayview Village,21.1,4195.0,385.0,1700.0,240.0,2120.0,490.0,4895.0,400.0,365.0,1985.0,260.0,10545.0,5910.0,410.0,1120.0,1005.0,2025.0,5900.0,120.0,880.0,75.0,520.0,3195.0,3260.0,1610.0,1000.0,470.0,825.0,785.0,695.0,545.0,435.0,800.0,490.0,985.0,7220.0,2060.0,1480.0,2910.0,3650.0,2520.0,1285.0,110.0,1450.0,2845.0,555.0,925.0,155.0,2410.0,1610.0,265.0,570.0,585.0,640.0,3520.0,1410.0,8970.0,45.0,1255.0,2115.0,1490.0,1225.0,1115.0,1550.0,1240.0,2315.0,1620.0,1530.0,1435.0,2065.0,865.0,645.0,790.0,840.0,845.0
Bayview Woods-Steeles,-2.8,3240.0,310.0,910.0,200.0,995.0,230.0,2105.0,280.0,155.0,915.0,180.0,6565.0,3260.0,245.0,610.0,975.0,1565.0,1775.0,495.0,200.0,100.0,570.0,975.0,1505.0,935.0,820.0,480.0,375.0,335.0,305.0,315.0,255.0,475.0,335.0,650.0,4735.0,1640.0,1085.0,1930.0,1810.0,1070.0,390.0,110.0,920.0,1640.0,335.0,565.0,100.0,1580.0,875.0,290.0,510.0,300.0,415.0,1525.0,805.0,5675.0,15.0,830.0,690.0,540.0,820.0,825.0,1525.0,800.0,695.0,695.0,1055.0,1000.0,2150.0,175.0,230.0,395.0,435.0,420.0
Bedford Park-Nortown,0.2,4209.0,415.0,1545.0,320.0,1425.0,295.0,4285.0,515.0,495.0,1845.0,220.0,10890.0,5420.0,380.0,1050.0,925.0,4820.0,1995.0,45.0,65.0,315.0,1260.0,2390.0,2415.0,1190.0,1515.0,1110.0,530.0,475.0,415.0,325.0,345.0,690.0,495.0,3030.0,15885.0,2250.0,905.0,960.0,1440.0,1260.0,425.0,100.0,4940.0,5635.0,770.0,2555.0,255.0,7475.0,2860.0,1645.0,330.0,520.0,625.0,1435.0,535.0,3295.0,50.0,1645.0,855.0,1255.0,1605.0,1460.0,1700.0,1565.0,1120.0,1620.0,1970.0,1615.0,2295.0,275.0,405.0,500.0,540.0,575.0
Beechborough-Greenbrook,1.4,3614.0,790.0,1015.0,375.0,735.0,140.0,355.0,70.0,10.0,60.0,10.0,2290.0,2020.0,360.0,535.0,255.0,665.0,665.0,80.0,15.0,90.0,1130.0,870.0,765.0,475.0,320.0,225.0,235.0,200.0,135.0,125.0,95.0,125.0,85.0,90.0,2685.0,815.0,750.0,775.0,725.0,360.0,260.0,85.0,620.0,465.0,100.0,100.0,10.0,220.0,2070.0,10.0,1400.0,385.0,730.0,105.0,410.0,840.0,0.0,425.0,425.0,375.0,445.0,440.0,435.0,430.0,475.0,485.0,550.0,435.0,520.0,110.0,355.0,380.0,400.0,315.0
Bendale,7.5,4011.0,2075.0,4010.0,620.0,3230.0,460.0,3540.0,345.0,105.0,990.0,55.0,13310.0,8295.0,720.0,1380.0,1705.0,3870.0,4850.0,290.0,325.0,1075.0,340.0,2805.0,3190.0,1850.0,1465.0,1465.0,1090.0,930.0,780.0,675.0,510.0,980.0,500.0,440.0,11675.0,2890.0,2050.0,4135.0,4820.0,1970.0,1555.0,300.0,2915.0,4395.0,795.0,880.0,135.0,985.0,3130.0,15.0,1680.0,1020.0,1100.0,1530.0,8225.0,8345.0,25.0,2325.0,2130.0,1675.0,1960.0,1710.0,2255.0,2285.0,2285.0,1870.0,2120.0,1820.0,2990.0,855.0,725.0,935.0,1165.0,1190.0
Birchcliffe-Cliffside,2.0,3765.0,1210.0,3195.0,640.0,2805.0,390.0,2865.0,285.0,40.0,985.0,105.0,9905.0,5765.0,620.0,1465.0,1190.0,4900.0,945.0,425.0,40.0,880.0,1960.0,2960.0,2860.0,1460.0,1320.0,605.0,775.0,640.0,625.0,545.0,450.0,950.0,595.0,1075.0,15430.0,2345.0,820.0,1090.0,1335.0,485.0,190.0,625.0,5365.0,10875.0,1855.0,2680.0,545.0,2120.0,2955.0,60.0,840.0,440.0,545.0,315.0,1530.0,2785.0,95.0,1235.0,1130.0,1415.0,1855.0,1725.0,1710.0,1190.0,1190.0,1585.0,1940.0,1800.0,2205.0,485.0,675.0,815.0,780.0,825.0
Black Creek,-1.5,6282.0,3590.0,3155.0,785.0,1920.0,270.0,1015.0,65.0,45.0,120.0,40.0,7025.0,6730.0,905.0,1390.0,1070.0,680.0,4065.0,660.0,1140.0,155.0,630.0,1660.0,1820.0,1355.0,1215.0,1260.0,805.0,595.0,470.0,355.0,255.0,365.0,145.0,120.0,8175.0,2170.0,2010.0,2965.0,3515.0,2045.0,675.0,220.0,1840.0,1260.0,335.0,320.0,35.0,665.0,2295.0,20.0,3445.0,2100.0,3320.0,2045.0,2320.0,4760.0,0.0,1605.0,1360.0,1165.0,1340.0,1105.0,1225.0,1680.0,1650.0,1465.0,1575.0,1340.0,1615.0,320.0,925.0,1000.0,1010.0,985.0
Blake-Jones,-0.5,8134.0,485.0,780.0,220.0,740.0,100.0,1380.0,140.0,20.0,550.0,90.0,3240.0,2195.0,205.0,435.0,255.0,495.0,470.0,815.0,370.0,170.0,795.0,965.0,955.0,525.0,410.0,265.0,220.0,170.0,155.0,150.0,135.0,280.0,235.0,380.0,5175.0,745.0,360.0,565.0,550.0,210.0,90.0,345.0,1700.0,2950.0,740.0,900.0,305.0,770.0,1060.0,130.0,475.0,180.0,645.0,275.0,525.0,1270.0,25.0,455.0,540.0,625.0,560.0,445.0,405.0,430.0,565.0,685.0,630.0,505.0,480.0,150.0,435.0,295.0,280.0,235.0
Briar Hill-Belgravia,-0.3,7791.0,1095.0,1970.0,485.0,1690.0,370.0,2095.0,260.0,55.0,525.0,60.0,6210.0,4155.0,410.0,920.0,680.0,1610.0,2395.0,155.0,75.0,385.0,1100.0,1720.0,1625.0,1070.0,820.0,485.0,540.0,535.0,455.0,345.0,290.0,490.0,255.0,235.0,5280.0,1920.0,995.0,1900.0,2330.0,1425.0,375.0,135.0,1180.0,1515.0,465.0,635.0,65.0,1475.0,4900.0,210.0,980.0,1185.0,565.0,425.0,445.0,3775.0,10.0,820.0,1125.0,975.0,1045.0,860.0,820.0,850.0,1085.0,1170.0,1305.0,1065.0,1260.0,250.0,495.0,605.0,610.0,615.0
Bridle Path-Sunnybrook-York Mills,6.3,1040.0,55.0,485.0,55.0,310.0,120.0,1810.0,275.0,310.0,990.0,120.0,4855.0,2170.0,130.0,335.0,345.0,2275.0,590.0,40.0,230.0,30.0,80.0,625.0,1010.0,550.0,600.0,460.0,110.0,130.0,135.0,105.0,110.0,245.0,200.0,1730.0,5880.0,1035.0,450.0,530.0,795.0,330.0,160.0,40.0,1615.0,3380.0,640.0,1050.0,275.0,1395.0,1265.0,215.0,110.0,150.0,235.0,805.0,410.0,1815.0,60.0,755.0,330.0,365.0,680.0,725.0,850.0,665.0,385.0,495.0,835.0,805.0,930.0,125.0,70.0,90.0,90.0,105.0
Broadview North,-0.6,6764.0,725.0,1410.0,320.0,1395.0,195.0,1900.0,210.0,45.0,790.0,80.0,4730.0,3620.0,365.0,835.0,480.0,850.0,3325.0,440.0,80.0,150.0,815.0,2440.0,1750.0,765.0,515.0,190.0,545.0,415.0,330.0,230.0,220.0,325.0,230.0,345.0,6240.0,1555.0,465.0,1000.0,1095.0,680.0,300.0,180.0,1570.0,3560.0,890.0,1045.0,280.0,1360.0,3650.0,65.0,420.0,450.0,345.0,525.0,655.0,1365.0,15.0,505.0,920.0,920.0,890.0,650.0,805.0,540.0,1025.0,995.0,935.0,800.0,1050.0,260.0,575.0,725.0,750.0,690.0
Brookhaven-Amesbury,-0.2,5045.0,2200.0,2755.0,795.0,2030.0,300.0,1215.0,165.0,20.0,210.0,25.0,6690.0,5265.0,685.0,1070.0,685.0,1790.0,3745.0,240.0,25.0,135.0,540.0,1545.0,1760.0,1335.0,1045.0,780.0,700.0,550.0,440.0,310.0,290.0,455.0,210.0,205.0,7580.0,1970.0,1735.0,2140.0,2415.0,1475.0,390.0,135.0,1555.0,1500.0,415.0,545.0,50.0,655.0,4545.0,45.0,3045.0,2025.0,2440.0,350.0,1245.0,3140.0,25.0,1200.0,1160.0,1030.0,1195.0,1035.0,925.0,1275.0,1390.0,1370.0,1485.0,1145.0,1195.0,240.0,595.0,815.0,915.0,775.0
Cabbagetown-South St. James Town,-3.2,8335.0,255.0,1195.0,250.0,1240.0,250.0,2285.0,315.0,70.0,1110.0,230.0,4590.0,4685.0,285.0,805.0,515.0,160.0,3375.0,460.0,630.0,160.0,1640.0,3320.0,2175.0,580.0,265.0,95.0,545.0,440.0,390.0,295.0,240.0,445.0,300.0,720.0,6965.0,1180.0,575.0,670.0,980.0,365.0,260.0,315.0,2080.0,5215.0,1160.0,1835.0,310.0,1545.0,1275.0,225.0,395.0,365.0,335.0,245.0,525.0,1710.0,30.0,500.0,1105.0,1060.0,1325.0,1065.0,1105.0,530.0,940.0,690.0,720.0,650.0,1155.0,360.0,860.0,650.0,590.0,610.0
Caledonia-Fairbank,1.1,6464.0,1640.0,1475.0,455.0,1155.0,180.0,765.0,65.0,20.0,160.0,20.0,4585.0,2690.0,250.0,480.0,450.0,1680.0,165.0,435.0,20.0,440.0,940.0,835.0,1075.0,760.0,645.0,370.0,340.0,290.0,285.0,275.0,215.0,385.0,220.0,130.0,4275.0,1540.0,1185.0,910.0,965.0,685.0,345.0,65.0,965.0,1050.0,310.0,295.0,40.0,370.0,5390.0,25.0,710.0,960.0,330.0,120.0,275.0,1425.0,0.0,665.0,795.0,695.0,770.0,650.0,610.0,560.0,775.0,725.0,825.0,695.0,720.0,130.0,225.0,380.0,405.0,395.0
Casa Loma,4.6,5683.0,115.0,715.0,120.0,750.0,85.0,2355.0,225.0,165.0,1205.0,190.0,5275.0,3085.0,200.0,680.0,525.0,875.0,2680.0,265.0,200.0,155.0,1225.0,2275.0,1905.0,555.0,435.0,245.0,360.0,355.0,345.0,245.0,240.0,445.0,295.0,1385.0,7715.0,1240.0,355.0,485.0,520.0,285.0,295.0,180.0,2290.0,4715.0,895.0,1590.0,385.0,3155.0,1345.0,670.0,245.0,325.0,340.0,330.0,355.0,825.0,25.0,525.0,850.0,565.0,680.0,670.0,1170.0,550.0,1020.0,690.0,750.0,785.0,1505.0,275.0,320.0,385.0,415.0,370.0
Centennial Scarborough,2.1,2479.0,330.0,1385.0,275.0,1610.0,240.0,2230.0,145.0,40.0,650.0,50.0,6955.0,3150.0,180.0,465.0,465.0,3510.0,0.0,160.0,485.0,150.0,60.0,505.0,1345.0,925.0,1015.0,590.0,260.0,310.0,365.0,325.0,315.0,720.0,485.0,885.0,8305.0,1785.0,820.0,1060.0,1115.0,210.0,40.0,250.0,2435.0,4440.0,700.0,1210.0,170.0,1075.0,2190.0,10.0,970.0,365.0,520.0,410.0,2525.0,1895.0,15.0,955.0,680.0,710.0,1000.0,910.0,1175.0,895.0,690.0,845.0,1100.0,1045.0,1220.0,40.0,90.0,145.0,190.0,260.0
Church-Yonge Corridor,10.6,23044.0,710.0,2785.0,595.0,3050.0,625.0,8180.0,845.0,500.0,3595.0,665.0,10880.0,16215.0,645.0,1755.0,580.0,10.0,18055.0,25.0,220.0,45.0,1280.0,11415.0,6580.0,1200.0,345.0,135.0,1735.0,1595.0,1245.0,1110.0,800.0,1300.0,745.0,1160.0,16650.0,1960.0,1445.0,2495.0,3045.0,1970.0,2745.0,635.0,4525.0,9885.0,2390.0,3360.0,700.0,4190.0,3675.0,425.0,940.0,1150.0,1535.0,1870.0,2730.0,6325.0,125.0,2250.0,5250.0,2885.0,2610.0,1905.0,1620.0,2790.0,4780.0,1845.0,1415.0,1345.0,1380.0,2105.0,2300.0,1770.0,1865.0,1950.0
Clairlea-Birchmount,8.9,3632.0,1720.0,3750.0,710.0,3305.0,465.0,3285.0,245.0,130.0,1315.0,110.0,12120.0,7120.0,635.0,1235.0,1320.0,3135.0,1965.0,1015.0,1045.0,725.0,1315.0,1905.0,2525.0,1875.0,1755.0,1195.0,875.0,755.0,700.0,685.0,515.0,965.0,545.0,520.0,12665.0,2250.0,1465.0,3305.0,4275.0,1820.0,530.0,445.0,4205.0,4965.0,975.0,1015.0,280.0,1465.0,3500.0,10.0,1545.0,675.0,1585.0,615.0,6060.0,6065.0,45.0,1860.0,1780.0,1775.0,2205.0,1640.0,1530.0,1615.0,1925.0,2060.0,2165.0,1725.0,2105.0,265.0,575.0,905.0,935.0,1000.0
Clanton Park,12.7,3979.0,385.0,1835.0,420.0,1860.0,370.0,3020.0,305.0,155.0,885.0,135.0,7360.0,4320.0,395.0,905.0,720.0,2405.0,2315.0,10.0,15.0,555.0,1255.0,2040.0,1885.0,1075.0,895.0,665.0,625.0,530.0,480.0,350.0,285.0,555.0,330.0,825.0,8425.0,1960.0,800.0,1475.0,1905.0,1345.0,510.0,115.0,2185.0,1605.0,325.0,980.0,175.0,4225.0,3115.0,1235.0,460.0,470.0,850.0,1035.0,495.0,4550.0,55.0,970.0,1225.0,1145.0,1065.0,905.0,1030.0,950.0,1285.0,1460.0,1305.0,1035.0,1340.0,230.0,555.0,595.0,605.0,595.0
Cliffcrest,1.5,2273.0,715.0,2285.0,365.0,1945.0,240.0,1955.0,175.0,50.0,655.0,80.0,7245.0,4120.0,390.0,795.0,805.0,3380.0,1335.0,55.0,435.0,470.0,160.0,1495.0,1605.0,1090.0,1080.0,625.0,475.0,425.0,385.0,345.0,310.0,635.0,435.0,625.0,9795.0,1620.0,750.0,1310.0,1565.0,600.0,165.0,415.0,3175.0,5860.0,965.0,1390.0,200.0,1305.0,2165.0,45.0,945.0,510.0,460.0,390.0,2995.0,1990.0,40.0,1125.0,830.0,795.0,1270.0,1225.0,1190.0,1010.0,785.0,1020.0,1380.0,1225.0,1485.0,200.0,450.0,590.0,480.0,555.0
Corso Italia-Davenport,2.8,7478.0,1680.0,1870.0,550.0,1415.0,200.0,1875.0,145.0,10.0,715.0,155.0,6480.0,4120.0,335.0,620.0,635.0,1240.0,0.0,1230.0,105.0,610.0,2235.0,1285.0,1790.0,1135.0,835.0,455.0,490.0,375.0,385.0,385.0,320.0,585.0,355.0,425.0,7590.0,2435.0,1185.0,995.0,910.0,560.0,420.0,240.0,1810.0,2990.0,840.0,1145.0,245.0,1300.0,7220.0,120.0,625.0,1315.0,385.0,315.0,390.0,1165.0,40.0,750.0,1340.0,1110.0,1020.0,850.0,880.0,780.0,1320.0,1105.0,1030.0,900.0,1125.0,220.0,325.0,525.0,550.0,545.0
Danforth,2.4,8554.0,475.0,970.0,150.0,880.0,125.0,1825.0,200.0,20.0,790.0,105.0,4405.0,2450.0,230.0,500.0,405.0,685.0,330.0,1240.0,30.0,215.0,1410.0,1195.0,1100.0,720.0,640.0,265.0,255.0,250.0,215.0,200.0,155.0,370.0,335.0,625.0,6575.0,1310.0,410.0,440.0,460.0,235.0,165.0,260.0,2090.0,4105.0,835.0,1195.0,255.0,1155.0,2380.0,130.0,265.0,170.0,270.0,270.0,760.0,1260.0,90.0,440.0,670.0,780.0,705.0,565.0,750.0,475.0,720.0,835.0,675.0,615.0,750.0,145.0,435.0,350.0,300.0,295.0
Danforth East York,2.8,7881.0,815.0,1855.0,380.0,1915.0,290.0,2985.0,280.0,55.0,1195.0,220.0,8180.0,3980.0,350.0,855.0,785.0,2900.0,880.0,1700.0,35.0,550.0,945.0,2015.0,2180.0,1290.0,1095.0,450.0,505.0,435.0,435.0,440.0,365.0,825.0,600.0,840.0,11310.0,2420.0,775.0,955.0,1010.0,410.0,195.0,420.0,3230.0,6580.0,1360.0,2125.0,410.0,1670.0,4645.0,185.0,545.0,485.0,435.0,435.0,1110.0,2770.0,50.0,735.0,1045.0,1530.0,1300.0,950.0,1160.0,705.0,1060.0,1570.0,1395.0,1180.0,1485.0,195.0,515.0,630.0,625.0,600.0
Don Valley Village,1.2,6441.0,825.0,2490.0,540.0,2645.0,750.0,4720.0,430.0,285.0,1990.0,355.0,12825.0,6895.0,560.0,1425.0,1280.0,2120.0,5630.0,360.0,1415.0,145.0,305.0,2115.0,2990.0,2195.0,1715.0,955.0,995.0,900.0,745.0,580.0,530.0,835.0,485.0,690.0,7690.0,3005.0,1700.0,3445.0,5935.0,3785.0,1275.0,105.0,1575.0,2560.0,475.0,920.0,150.0,2545.0,2260.0,230.0,1005.0,720.0,1000.0,4460.0,2945.0,10660.0,10.0,1675.0,1930.0,1830.0,1860.0,1420.0,2000.0,1585.0,1955.0,2195.0,2080.0,1715.0,2675.0,530.0,660.0,950.0,1070.0,1030.0
Dorset Park,2.6,4146.0,1940.0,3565.0,725.0,2830.0,535.0,2985.0,200.0,60.0,905.0,95.0,10765.0,6580.0,670.0,1345.0,1400.0,2130.0,3770.0,335.0,1560.0,510.0,465.0,2110.0,2325.0,1720.0,1430.0,1190.0,960.0,810.0,680.0,550.0,435.0,635.0,360.0,250.0,9300.0,1990.0,2045.0,4055.0,4620.0,1960.0,385.0,285.0,2600.0,2350.0,525.0,580.0,125.0,600.0,2315.0,15.0,1830.0,695.0,1060.0,1875.0,7380.0,6805.0,0.0,1590.0,1520.0,1530.0,1825.0,1520.0,1570.0,1570.0,1735.0,1865.0,2015.0,1805.0,2205.0,295.0,675.0,945.0,1085.0,1120.0
Dovercourt-Wallace Emerson-Junction,5.8,9819.0,3395.0,5015.0,975.0,3880.0,520.0,6275.0,540.0,95.0,2410.0,380.0,15640.0,12370.0,875.0,1860.0,1405.0,1635.0,2265.0,2050.0,1140.0,1135.0,6875.0,4655.0,5020.0,2675.0,1905.0,1065.0,1325.0,1240.0,1090.0,945.0,750.0,1425.0,925.0,965.0,20635.0,5065.0,2890.0,2855.0,2255.0,1330.0,1185.0,650.0,5070.0,10065.0,2215.0,3455.0,775.0,3710.0,12080.0,535.0,1600.0,2205.0,1440.0,895.0,2390.0,5635.0,140.0,1925.0,4300.0,3030.0,2515.0,1935.0,2015.0,2015.0,4420.0,3040.0,2450.0,1985.0,2495.0,660.0,1415.0,1520.0,1570.0,1470.0
Downsview-Roding-CFB,1.1,2337.0,3965.0,5390.0,1365.0,4090.0,695.0,2805.0,335.0,100.0,520.0,50.0,14540.0,9730.0,1190.0,2135.0,1720.0,4330.0,3085.0,925.0,645.0,425.0,3720.0,3415.0,3665.0,2430.0,2095.0,1520.0,1310.0,1100.0,885.0,790.0,630.0,1050.0,575.0,550.0,14560.0,5675.0,2525.0,3865.0,4305.0,3145.0,945.0,395.0,2640.0,2765.0,750.0,760.0,170.0,1430.0,11710.0,135.0,3830.0,3955.0,2120.0,1525.0,1685.0,8230.0,0.0,2205.0,2245.0,2260.0,2585.0,2140.0,2515.0,2145.0,2440.0,2715.0,2825.0,2240.0,3040.0,405.0,1050.0,1460.0,1665.0,1620.0
Dufferin Grove,2.9,8540.0,1025.0,1405.0,290.0,1350.0,190.0,2320.0,205.0,55.0,875.0,140.0,5025.0,4195.0,275.0,600.0,405.0,310.0,1335.0,500.0,110.0,400.0,2700.0,2015.0,1840.0,775.0,510.0,290.0,480.0,450.0,345.0,315.0,235.0,445.0,225.0,335.0,6785.0,1675.0,875.0,660.0,705.0,480.0,535.0,235.0,1870.0,3575.0,940.0,1245.0,265.0,1715.0,3555.0,240.0,500.0,650.0,475.0,310.0,750.0,1600.0,30.0,520.0,1520.0,1115.0,705.0,635.0,685.0,545.0,1660.0,980.0,710.0,600.0,825.0,235.0,520.0,570.0,680.0,615.0
East End-Danforth,2.6,8038.0,995.0,2265.0,480.0,2565.0,330.0,3825.0,395.0,75.0,1485.0,195.0,9245.0,5585.0,620.0,1430.0,765.0,1770.0,2085.0,1950.0,595.0,485.0,2240.0,3165.0,2715.0,1485.0,1305.0,505.0,630.0,535.0,515.0,490.0,410.0,900.0,670.0,1085.0,14820.0,1695.0,835.0,1075.0,1325.0,1005.0,255.0,610.0,4565.0,10480.0,2060.0,2825.0,675.0,2295.0,2870.0,110.0,960.0,645.0,845.0,750.0,1760.0,2740.0,90.0,1130.0,1345.0,1745.0,1715.0,1345.0,1180.0,1085.0,1435.0,1865.0,1875.0,1460.0,1475.0,485.0,1030.0,930.0,790.0,705.0
Edenbridge-Humber Valley,4.0,2840.0,445.0,1730.0,380.0,1495.0,235.0,2435.0,335.0,140.0,990.0,115.0,7325.0,3810.0,425.0,835.0,1025.0,2555.0,2405.0,85.0,130.0,40.0,1035.0,1785.0,2045.0,1020.0,905.0,480.0,555.0,455.0,455.0,340.0,265.0,455.0,320.0,1355.0,9065.0,2245.0,785.0,1075.0,1330.0,515.0,185.0,185.0,2025.0,4195.0,790.0,1400.0,295.0,3595.0,4740.0,85.0,525.0,825.0,535.0,400.0,400.0,1105.0,30.0,920.0,905.0,800.0,1125.0,1090.0,1390.0,890.0,895.0,955.0,1260.0,1280.0,1905.0,165.0,270.0,500.0,525.0,610.0
Eglinton East,-0.2,7051.0,1825.0,3260.0,755.0,2600.0,415.0,2075.0,220.0,65.0,625.0,40.0,8835.0,6560.0,665.0,1280.0,1265.0,1535.0,4965.0,120.0,510.0,585.0,195.0,1785.0,2100.0,1565.0,1390.0,1075.0,870.0,655.0,575.0,430.0,340.0,515.0,270.0,215.0,8730.0,2020.0,1670.0,3130.0,3870.0,2315.0,515.0,325.0,2700.0,2540.0,465.0,535.0,30.0,615.0,2005.0,20.0,2875.0,945.0,1980.0,895.0,6440.0,4490.0,60.0,1600.0,1280.0,1280.0,1530.0,1350.0,1400.0,1515.0,1580.0,1650.0,1830.0,1450.0,2095.0,225.0,645.0,960.0,1115.0,1035.0
Elms-Old Rexdale,-1.0,3306.0,775.0,1670.0,345.0,1075.0,135.0,665.0,70.0,15.0,160.0,15.0,3530.0,2825.0,315.0,575.0,405.0,990.0,1375.0,70.0,515.0,200.0,65.0,635.0,885.0,665.0,535.0,500.0,355.0,315.0,255.0,190.0,160.0,270.0,135.0,105.0,4600.0,1100.0,840.0,1170.0,1090.0,530.0,120.0,85.0,1175.0,1210.0,325.0,340.0,55.0,520.0,1620.0,10.0,1275.0,1000.0,2025.0,440.0,870.0,1180.0,0.0,760.0,555.0,485.0,660.0,585.0,565.0,675.0,625.0,605.0,775.0,655.0,725.0,90.0,210.0,320.0,390.0,405.0
Englemount-Lawrence,1.3,6466.0,765.0,2225.0,555.0,1890.0,585.0,3090.0,355.0,190.0,955.0,140.0,8245.0,5905.0,600.0,1460.0,1350.0,1905.0,3030.0,30.0,265.0,510.0,2510.0,2830.0,2010.0,1240.0,970.0,1200.0,770.0,585.0,510.0,405.0,315.0,560.0,300.0,865.0,11490.0,2245.0,1175.0,1895.0,2420.0,2050.0,610.0,110.0,3195.0,2190.0,410.0,1650.0,155.0,6540.0,2860.0,1830.0,1315.0,840.0,1645.0,1235.0,470.0,5045.0,10.0,1530.0,1205.0,1185.0,1150.0,1015.0,1405.0,1505.0,1480.0,1790.0,1560.0,1420.0,2290.0,340.0,940.0,950.0,855.0,830.0
Eringate-Centennial-West Deane,-1.2,2171.0,685.0,2210.0,475.0,2165.0,320.0,2635.0,255.0,70.0,845.0,100.0,8940.0,4570.0,400.0,905.0,1150.0,3925.0,1785.0,360.0,605.0,125.0,75.0,1430.0,2140.0,1340.0,1290.0,655.0,585.0,570.0,555.0,470.0,470.0,905.0,630.0,775.0,10180.0,2775.0,1035.0,2230.0,1810.0,350.0,145.0,265.0,2835.0,4595.0,825.0,1370.0,240.0,4010.0,5320.0,30.0,600.0,715.0,760.0,540.0,1340.0,2015.0,10.0,1275.0,990.0,940.0,1390.0,1355.0,1655.0,1135.0,940.0,1065.0,1585.0,1515.0,2130.0,110.0,200.0,480.0,540.0,560.0
Etobicoke West Mall,8.4,6582.0,780.0,1520.0,390.0,1375.0,270.0,1485.0,190.0,30.0,505.0,70.0,5045.0,3280.0,395.0,700.0,735.0,965.0,3160.0,95.0,230.0,60.0,55.0,1285.0,1365.0,875.0,685.0,375.0,525.0,380.0,345.0,300.0,240.0,415.0,220.0,220.0,5415.0,1235.0,585.0,1520.0,1655.0,815.0,250.0,120.0,1240.0,2190.0,370.0,645.0,60.0,2110.0,2715.0,20.0,600.0,455.0,460.0,785.0,1220.0,1580.0,10.0,735.0,935.0,680.0,815.0,765.0,810.0,725.0,915.0,750.0,955.0,835.0,1255.0,165.0,305.0,415.0,505.0,550.0
Flemingdon Park,-1.1,9026.0,1710.0,2810.0,465.0,2130.0,410.0,2610.0,215.0,130.0,950.0,110.0,9100.0,5830.0,620.0,1050.0,945.0,0.0,6425.0,180.0,565.0,5.0,645.0,1975.0,2040.0,1360.0,1255.0,1210.0,845.0,700.0,550.0,400.0,295.0,400.0,175.0,165.0,6990.0,2000.0,1635.0,2950.0,4650.0,2795.0,890.0,100.0,1345.0,1340.0,315.0,460.0,50.0,1490.0,1750.0,45.0,880.0,545.0,2055.0,3310.0,7460.0,4150.0,25.0,1610.0,1520.0,1395.0,1400.0,1090.0,1290.0,1455.0,1650.0,1660.0,1525.0,1245.0,1690.0,410.0,780.0,1005.0,1085.0,1025.0
Forest Hill North,2.7,8054.0,250.0,1115.0,280.0,1000.0,340.0,2295.0,355.0,275.0,990.0,210.0,5645.0,3430.0,285.0,875.0,520.0,1470.0,3430.0,15.0,30.0,110.0,385.0,1930.0,1560.0,770.0,745.0,435.0,455.0,390.0,330.0,265.0,160.0,385.0,195.0,1065.0,7210.0,1070.0,310.0,765.0,1690.0,1140.0,480.0,125.0,1900.0,2105.0,535.0,880.0,150.0,4800.0,1830.0,1200.0,435.0,460.0,510.0,890.0,265.0,2125.0,45.0,750.0,720.0,810.0,810.0,740.0,860.0,760.0,955.0,1030.0,1050.0,985.0,1275.0,220.0,425.0,510.0,520.0,530.0
Forest Hill South,-1.8,4380.0,110.0,755.0,75.0,660.0,180.0,2170.0,250.0,270.0,1175.0,160.0,5135.0,3025.0,200.0,580.0,425.0,1685.0,2025.0,65.0,40.0,70.0,1050.0,2005.0,1595.0,490.0,490.0,370.0,310.0,315.0,230.0,230.0,160.0,325.0,245.0,1495.0,7535.0,1045.0,325.0,340.0,590.0,465.0,300.0,115.0,2160.0,2980.0,695.0,1280.0,205.0,4150.0,1240.0,865.0,250.0,205.0,280.0,545.0,280.0,1085.0,15.0,670.0,700.0,505.0,705.0,700.0,975.0,690.0,845.0,710.0,790.0,825.0,1285.0,235.0,265.0,380.0,370.0,410.0
Glenfield-Jane Heights,-2.9,5864.0,4655.0,4485.0,1010.0,2845.0,405.0,1270.0,130.0,10.0,300.0,10.0,10485.0,9190.0,1175.0,2150.0,1705.0,415.0,3405.0,3285.0,1350.0,330.0,1150.0,1955.0,2410.0,1985.0,1780.0,1780.0,985.0,760.0,675.0,565.0,435.0,740.0,350.0,295.0,11700.0,4345.0,3450.0,4180.0,3950.0,1875.0,715.0,155.0,1930.0,1635.0,455.0,350.0,20.0,550.0,6245.0,45.0,4815.0,4025.0,3425.0,1095.0,2600.0,7520.0,20.0,2215.0,1710.0,1490.0,2030.0,1670.0,2150.0,2305.0,2005.0,2040.0,2315.0,1935.0,2845.0,250.0,935.0,1325.0,1370.0,1240.0
Greenwood-Coxwell,2.4,8582.0,950.0,1705.0,310.0,1690.0,175.0,2740.0,265.0,35.0,1025.0,105.0,6270.0,4015.0,350.0,835.0,490.0,965.0,515.0,1480.0,335.0,360.0,2360.0,1955.0,1800.0,1055.0,825.0,420.0,445.0,410.0,380.0,385.0,300.0,615.0,450.0,565.0,9775.0,1405.0,770.0,1005.0,860.0,335.0,220.0,365.0,3200.0,5995.0,1455.0,1915.0,310.0,1525.0,1915.0,135.0,630.0,500.0,640.0,360.0,1125.0,3080.0,60.0,685.0,1110.0,1335.0,1065.0,835.0,720.0,620.0,1235.0,1375.0,1110.0,940.0,905.0,285.0,635.0,595.0,540.0,440.0
Guildwood,1.0,2673.0,305.0,1090.0,235.0,1095.0,130.0,1330.0,235.0,10.0,415.0,75.0,4780.0,2185.0,210.0,580.0,870.0,2175.0,1090.0,140.0,300.0,180.0,95.0,1120.0,1340.0,660.0,585.0,285.0,330.0,320.0,315.0,300.0,240.0,490.0,340.0,490.0,6455.0,1375.0,320.0,705.0,590.0,145.0,70.0,140.0,1905.0,4455.0,735.0,1210.0,195.0,1025.0,1365.0,10.0,605.0,295.0,225.0,225.0,970.0,1125.0,25.0,570.0,415.0,495.0,690.0,700.0,1090.0,500.0,430.0,575.0,760.0,865.0,1550.0,70.0,100.0,270.0,340.0,370.0
Henry Farm,38.7,6047.0,460.0,1390.0,325.0,1465.0,400.0,3295.0,285.0,115.0,1585.0,110.0,7090.0,4750.0,315.0,640.0,430.0,495.0,5330.0,0.0,435.0,15.0,80.0,1790.0,1985.0,1210.0,880.0,505.0,680.0,560.0,505.0,375.0,250.0,425.0,190.0,295.0,4205.0,960.0,760.0,1605.0,3260.0,2935.0,1985.0,130.0,890.0,1515.0,355.0,510.0,75.0,935.0,1195.0,30.0,605.0,570.0,835.0,2470.0,3295.0,5170.0,20.0,1225.0,1905.0,1200.0,840.0,620.0,610.0,1105.0,1920.0,1225.0,965.0,770.0,830.0,630.0,510.0,620.0,630.0,690.0
High Park North,4.1,11726.0,505.0,1830.0,400.0,2270.0,350.0,5225.0,520.0,150.0,2425.0,475.0,9890.0,6425.0,545.0,1475.0,975.0,1370.0,6515.0,600.0,130.0,410.0,1985.0,4745.0,3555.0,1335.0,1050.0,330.0,985.0,855.0,740.0,635.0,500.0,855.0,590.0,1195.0,13340.0,2135.0,1115.0,1480.0,1710.0,1240.0,805.0,455.0,3630.0,8085.0,1875.0,3205.0,560.0,5415.0,3750.0,275.0,505.0,915.0,665.0,980.0,1055.0,2145.0,75.0,870.0,2280.0,1825.0,1470.0,1240.0,1270.0,1020.0,2635.0,1905.0,1510.0,1350.0,1905.0,610.0,1005.0,990.0,1030.0,1005.0
High Park-Swansea,10.1,4893.0,440.0,1865.0,400.0,2375.0,360.0,5465.0,580.0,220.0,2325.0,390.0,10915.0,6410.0,535.0,1400.0,1130.0,2655.0,3585.0,515.0,290.0,565.0,3240.0,4200.0,3410.0,1450.0,1300.0,520.0,860.0,865.0,725.0,625.0,505.0,1015.0,695.0,1880.0,16315.0,2615.0,855.0,1440.0,1145.0,505.0,470.0,450.0,4160.0,10690.0,2135.0,3485.0,735.0,5835.0,4285.0,305.0,705.0,790.0,660.0,600.0,910.0,1995.0,75.0,1015.0,2015.0,1765.0,1645.0,1360.0,1515.0,1125.0,2305.0,2010.0,1840.0,1505.0,2320.0,430.0,595.0,860.0,885.0,965.0
Highland Creek,-4.6,2403.0,640.0,1605.0,325.0,1520.0,300.0,1535.0,145.0,60.0,430.0,40.0,6185.0,3680.0,205.0,350.0,535.0,3100.0,0.0,5.0,15.0,545.0,30.0,415.0,930.0,765.0,725.0,850.0,260.0,270.0,230.0,275.0,220.0,570.0,390.0,630.0,5195.0,2380.0,1390.0,1815.0,1105.0,325.0,255.0,75.0,1180.0,1670.0,240.0,360.0,65.0,445.0,1625.0,10.0,1540.0,640.0,515.0,340.0,4685.0,2200.0,10.0,985.0,870.0,565.0,825.0,960.0,1195.0,935.0,765.0,630.0,965.0,1055.0,1200.0,95.0,105.0,160.0,230.0,250.0
Hillcrest Village,-4.1,3148.0,385.0,1265.0,175.0,1345.0,385.0,2945.0,280.0,110.0,1240.0,190.0,8360.0,4255.0,320.0,800.0,1085.0,1650.0,1940.0,825.0,1070.0,155.0,755.0,1480.0,1950.0,1305.0,1055.0,605.0,470.0,430.0,425.0,385.0,345.0,695.0,410.0,640.0,5015.0,1955.0,1665.0,3060.0,3470.0,1125.0,620.0,30.0,925.0,1300.0,260.0,605.0,60.0,1770.0,940.0,250.0,435.0,320.0,400.0,1195.0,1520.0,9415.0,35.0,1130.0,860.0,745.0,1195.0,990.0,1830.0,1030.0,860.0,1055.0,1350.0,1270.0,2485.0,300.0,750.0,570.0,555.0,435.0
Humber Heights-Westmount,3.4,3981.0,445.0,1280.0,345.0,1250.0,220.0,1075.0,170.0,45.0,375.0,65.0,4730.0,2500.0,290.0,665.0,1305.0,1680.0,1975.0,60.0,65.0,180.0,190.0,1200.0,1305.0,710.0,590.0,320.0,415.0,315.0,290.0,260.0,215.0,380.0,245.0,380.0,5360.0,1705.0,660.0,1045.0,890.0,345.0,110.0,75.0,925.0,1755.0,265.0,605.0,95.0,1985.0,3990.0,50.0,525.0,600.0,870.0,260.0,415.0,485.0,20.0,590.0,530.0,530.0,695.0,700.0,1115.0,545.0,595.0,640.0,805.0,810.0,1925.0,100.0,245.0,405.0,425.0,460.0
Humber Summit,-0.9,1570.0,1395.0,1870.0,410.0,1175.0,140.0,780.0,75.0,20.0,310.0,35.0,5515.0,3220.0,295.0,550.0,685.0,525.0,710.0,1790.0,85.0,95.0,685.0,635.0,1015.0,720.0,735.0,800.0,370.0,365.0,295.0,260.0,170.0,360.0,190.0,200.0,4860.0,2195.0,830.0,1370.0,2020.0,870.0,265.0,20.0,995.0,695.0,150.0,205.0,35.0,295.0,3550.0,20.0,1320.0,1005.0,760.0,685.0,3520.0,1045.0,0.0,895.0,785.0,720.0,855.0,630.0,1090.0,830.0,800.0,810.0,885.0,675.0,1305.0,100.0,155.0,430.0,515.0,480.0
Humbermede,-1.9,3565.0,1700.0,2390.0,545.0,1660.0,200.0,1135.0,120.0,60.0,325.0,35.0,6245.0,4270.0,515.0,895.0,660.0,575.0,1585.0,1135.0,455.0,80.0,1210.0,855.0,1345.0,965.0,940.0,920.0,580.0,445.0,410.0,320.0,250.0,415.0,185.0,155.0,5730.0,1755.0,1435.0,2125.0,2555.0,1555.0,360.0,90.0,1320.0,875.0,230.0,230.0,25.0,375.0,2590.0,10.0,2065.0,2020.0,1700.0,535.0,3320.0,2560.0,10.0,1155.0,1005.0,940.0,1075.0,845.0,980.0,1060.0,1175.0,1105.0,1160.0,920.0,1195.0,155.0,300.0,550.0,640.0,640.0
Humewood-Cedarvale,1.8,7682.0,395.0,1235.0,260.0,1410.0,330.0,2885.0,405.0,160.0,1355.0,220.0,6155.0,4390.0,340.0,820.0,500.0,1850.0,1705.0,265.0,0.0,155.0,2595.0,2535.0,2050.0,830.0,800.0,365.0,580.0,440.0,330.0,305.0,220.0,385.0,280.0,1010.0,9135.0,1235.0,745.0,885.0,1010.0,775.0,430.0,240.0,2715.0,4040.0,820.0,1730.0,290.0,3855.0,2445.0,910.0,645.0,740.0,650.0,480.0,355.0,2245.0,55.0,740.0,1275.0,1030.0,905.0,715.0,805.0,870.0,1565.0,1180.0,1045.0,920.0,1115.0,310.0,650.0,690.0,680.0,685.0
Ionview,4.2,7031.0,1045.0,2020.0,400.0,1660.0,290.0,1415.0,175.0,50.0,560.0,40.0,5650.0,3815.0,405.0,800.0,640.0,1020.0,2880.0,375.0,145.0,380.0,270.0,1310.0,1565.0,955.0,810.0,540.0,560.0,500.0,370.0,270.0,205.0,350.0,165.0,110.0,5220.0,1275.0,925.0,1800.0,2270.0,1510.0,600.0,200.0,1385.0,1800.0,365.0,380.0,35.0,480.0,1435.0,20.0,1135.0,510.0,980.0,500.0,3845.0,3435.0,10.0,830.0,1015.0,945.0,950.0,785.0,805.0,800.0,1130.0,975.0,1055.0,950.0,1085.0,215.0,470.0,585.0,725.0,640.0
Islington-City Centre West,15.4,2712.0,1565.0,4835.0,1145.0,5110.0,865.0,8270.0,915.0,255.0,2820.0,300.0,20215.0,11785.0,1180.0,2555.0,2400.0,5175.0,12345.0,125.0,650.0,250.0,750.0,6655.0,6405.0,2960.0,2225.0,1095.0,1895.0,1690.0,1440.0,1320.0,950.0,1750.0,1055.0,1900.0,22450.0,4840.0,2235.0,4575.0,5070.0,2850.0,1195.0,465.0,4920.0,9480.0,2000.0,3305.0,430.0,8245.0,10620.0,200.0,1595.0,1835.0,2385.0,1855.0,3595.0,6440.0,60.0,2365.0,4015.0,3160.0,2865.0,2570.0,3015.0,2375.0,4035.0,3330.0,3230.0,2835.0,4360.0,770.0,1285.0,1540.0,1770.0,1965.0
Junction Area,2.4,5442.0,685.0,1650.0,355.0,1655.0,225.0,2870.0,305.0,20.0,1155.0,150.0,6305.0,4275.0,340.0,835.0,430.0,740.0,720.0,980.0,565.0,510.0,2510.0,1990.0,1860.0,970.0,815.0,400.0,550.0,445.0,435.0,365.0,330.0,635.0,395.0,575.0,9355.0,1335.0,975.0,990.0,875.0,345.0,180.0,375.0,2415.0,5370.0,1230.0,2005.0,410.0,2245.0,3315.0,180.0,400.0,765.0,405.0,310.0,535.0,2485.0,45.0,740.0,1250.0,1240.0,1140.0,840.0,680.0,705.0,1470.0,1310.0,1075.0,915.0,810.0,260.0,445.0,505.0,515.0,550.0
Keelesdale-Eglinton West,3.9,6467.0,2085.0,1685.0,330.0,1005.0,150.0,725.0,100.0,20.0,115.0,15.0,4815.0,3100.0,325.0,600.0,595.0,1670.0,665.0,425.0,10.0,395.0,1005.0,1155.0,1135.0,740.0,680.0,475.0,365.0,350.0,295.0,255.0,245.0,350.0,185.0,165.0,4480.0,1770.0,1415.0,1340.0,965.0,700.0,380.0,140.0,800.0,980.0,295.0,245.0,50.0,390.0,5450.0,10.0,960.0,1095.0,405.0,125.0,985.0,1455.0,10.0,740.0,765.0,730.0,855.0,690.0,750.0,705.0,770.0,790.0,865.0,745.0,1035.0,145.0,410.0,530.0,455.0,455.0
Kennedy Park,0.4,4770.0,1370.0,2680.0,585.0,2060.0,395.0,1630.0,150.0,45.0,600.0,55.0,6820.0,5030.0,530.0,1130.0,835.0,1805.0,2835.0,350.0,125.0,680.0,695.0,2000.0,1735.0,1075.0,995.0,780.0,590.0,535.0,400.0,355.0,270.0,455.0,230.0,210.0,7390.0,1695.0,1305.0,2550.0,2735.0,1170.0,255.0,365.0,2120.0,2605.0,570.0,650.0,105.0,510.0,1995.0,30.0,1415.0,585.0,1355.0,630.0,4360.0,4295.0,0.0,1125.0,1025.0,980.0,1355.0,1220.0,1120.0,1040.0,1160.0,1175.0,1410.0,1275.0,1415.0,330.0,840.0,860.0,800.0,700.0
Kensington-Chinatown,-3.0,11806.0,1330.0,2030.0,320.0,1395.0,235.0,2995.0,235.0,190.0,1250.0,355.0,5470.0,8625.0,455.0,1190.0,885.0,70.0,4630.0,215.0,600.0,245.0,2930.0,4095.0,2580.0,990.0,570.0,485.0,675.0,560.0,485.0,365.0,285.0,485.0,315.0,430.0,8570.0,1815.0,1240.0,1780.0,1950.0,840.0,1270.0,265.0,2235.0,3965.0,995.0,1350.0,375.0,1590.0,1500.0,205.0,695.0,475.0,745.0,570.0,815.0,7800.0,55.0,1675.0,2370.0,1135.0,945.0,840.0,1090.0,1680.0,2270.0,1045.0,1020.0,945.0,1585.0,935.0,1515.0,1000.0,855.0,820.0
Kingsview Village-The Westway,1.3,4356.0,1720.0,3175.0,635.0,2270.0,370.0,1990.0,220.0,95.0,590.0,50.0,8780.0,5970.0,690.0,1220.0,1085.0,2175.0,4760.0,130.0,315.0,170.0,220.0,1760.0,2285.0,1400.0,1235.0,1110.0,865.0,675.0,555.0,470.0,345.0,615.0,365.0,425.0,10110.0,2835.0,1320.0,2330.0,3120.0,1830.0,450.0,145.0,1820.0,2725.0,500.0,785.0,120.0,1790.0,4650.0,95.0,1780.0,1200.0,4315.0,1160.0,3670.0,1715.0,40.0,1535.0,1350.0,1240.0,1450.0,1240.0,1585.0,1480.0,1485.0,1485.0,1615.0,1300.0,1995.0,235.0,475.0,840.0,940.0,980.0
Kingsway South,1.1,3593.0,50.0,455.0,75.0,635.0,65.0,1980.0,220.0,70.0,915.0,140.0,4900.0,1860.0,140.0,330.0,465.0,2310.0,790.0,70.0,50.0,30.0,335.0,850.0,1205.0,550.0,695.0,275.0,195.0,190.0,165.0,160.0,155.0,340.0,275.0,1455.0,7115.0,1055.0,280.0,260.0,245.0,95.0,80.0,95.0,2090.0,4635.0,880.0,1425.0,335.0,1865.0,1780.0,30.0,85.0,120.0,120.0,175.0,275.0,705.0,10.0,535.0,305.0,515.0,710.0,620.0,860.0,555.0,325.0,595.0,810.0,725.0,1130.0,75.0,75.0,130.0,160.0,205.0
Lambton Baby Point,0.8,4697.0,260.0,640.0,180.0,695.0,90.0,1375.0,195.0,55.0,715.0,135.0,3510.0,1885.0,195.0,420.0,280.0,1270.0,700.0,545.0,185.0,95.0,335.0,810.0,920.0,550.0,585.0,255.0,180.0,170.0,145.0,150.0,125.0,285.0,210.0,695.0,5485.0,685.0,370.0,595.0,510.0,245.0,80.0,195.0,1355.0,3300.0,595.0,1165.0,180.0,1915.0,1460.0,90.0,565.0,350.0,470.0,175.0,315.0,510.0,45.0,470.0,390.0,545.0,580.0,480.0,415.0,430.0,445.0,655.0,685.0,570.0,605.0,125.0,285.0,295.0,250.0,205.0
L'Amoreaux,-2.1,6144.0,3760.0,5655.0,805.0,4715.0,780.0,5240.0,510.0,140.0,1445.0,185.0,20130.0,11665.0,1065.0,2525.0,2490.0,3685.0,6760.0,925.0,2415.0,420.0,830.0,3000.0,4210.0,3065.0,2610.0,2160.0,1520.0,1315.0,1035.0,915.0,675.0,1270.0,710.0,815.0,13710.0,5515.0,3905.0,6420.0,8520.0,3965.0,1480.0,195.0,2880.0,3650.0,645.0,940.0,185.0,1180.0,3705.0,60.0,2635.0,790.0,1990.0,3885.0,7265.0,19680.0,40.0,2950.0,2760.0,2170.0,3110.0,2735.0,3785.0,2780.0,2880.0,2540.0,3725.0,3215.0,5200.0,625.0,1200.0,1560.0,1735.0,1640.0
Lansing-Westgate,10.4,3038.0,255.0,1255.0,190.0,1335.0,310.0,3555.0,450.0,240.0,1655.0,205.0,7690.0,4355.0,270.0,835.0,590.0,2355.0,3335.0,30.0,0.0,185.0,655.0,1875.0,2145.0,1090.0,970.0,510.0,485.0,420.0,415.0,345.0,315.0,590.0,395.0,1205.0,7960.0,1340.0,660.0,1440.0,2175.0,1470.0,1025.0,100.0,2030.0,2825.0,610.0,1230.0,180.0,3835.0,1725.0,840.0,355.0,395.0,555.0,1735.0,1135.0,3990.0,50.0,1045.0,1270.0,1180.0,1110.0,880.0,970.0,1065.0,1390.0,1375.0,1245.0,1030.0,1175.0,485.0,390.0,500.0,525.0,530.0
Lawrence Park North,0.5,6407.0,120.0,665.0,130.0,820.0,195.0,3390.0,325.0,195.0,1585.0,265.0,7225.0,2865.0,230.0,590.0,420.0,3110.0,205.0,885.0,30.0,185.0,1005.0,1270.0,1455.0,955.0,1275.0,465.0,250.0,270.0,265.0,230.0,230.0,505.0,420.0,2125.0,11085.0,1325.0,340.0,585.0,745.0,345.0,135.0,105.0,3650.0,7255.0,1130.0,2095.0,455.0,2695.0,2090.0,300.0,260.0,250.0,335.0,735.0,430.0,2210.0,60.0,845.0,550.0,1045.0,1210.0,810.0,860.0,810.0,630.0,1215.0,1330.0,930.0,1070.0,145.0,240.0,235.0,255.0,260.0
Lawrence Park South,0.7,4685.0,130.0,685.0,120.0,785.0,220.0,3345.0,340.0,310.0,1870.0,260.0,7505.0,3550.0,240.0,590.0,440.0,3420.0,925.0,110.0,35.0,230.0,1015.0,1465.0,1690.0,850.0,1145.0,590.0,290.0,255.0,270.0,225.0,230.0,440.0,385.0,2420.0,11690.0,1145.0,375.0,560.0,615.0,475.0,255.0,195.0,3825.0,7200.0,1230.0,2350.0,550.0,3220.0,2010.0,510.0,295.0,245.0,305.0,615.0,425.0,1490.0,180.0,1035.0,665.0,810.0,1155.0,1020.0,1025.0,1065.0,835.0,1075.0,1310.0,1100.0,1205.0,215.0,220.0,270.0,265.0,270.0
Leaside-Bennington,-1.1,3596.0,205.0,990.0,155.0,1180.0,200.0,3600.0,370.0,190.0,1610.0,305.0,8050.0,3835.0,300.0,755.0,605.0,3565.0,525.0,795.0,75.0,45.0,1420.0,1785.0,1725.0,1005.0,1375.0,565.0,375.0,330.0,310.0,305.0,255.0,540.0,475.0,2305.0,13130.0,1445.0,450.0,480.0,640.0,355.0,140.0,305.0,4045.0,9625.0,1385.0,2425.0,660.0,2195.0,2570.0,240.0,290.0,390.0,270.0,525.0,520.0,1745.0,140.0,1100.0,555.0,1000.0,1485.0,1080.0,1085.0,1070.0,645.0,1180.0,1605.0,1260.0,1465.0,210.0,225.0,350.0,360.0,405.0
Little Portugal,29.1,12859.0,1145.0,1950.0,325.0,1685.0,220.0,3575.0,200.0,65.0,1275.0,160.0,6105.0,6355.0,325.0,720.0,645.0,270.0,2955.0,460.0,605.0,240.0,2835.0,2925.0,2710.0,945.0,560.0,285.0,750.0,655.0,615.0,475.0,350.0,630.0,345.0,480.0,9720.0,1855.0,865.0,855.0,760.0,500.0,490.0,420.0,2590.0,5170.0,1195.0,1670.0,340.0,1905.0,4545.0,310.0,420.0,610.0,640.0,355.0,480.0,2465.0,70.0,755.0,2470.0,1400.0,820.0,650.0,820.0,845.0,2635.0,1290.0,780.0,670.0,1030.0,350.0,585.0,650.0,765.0,760.0
Long Branch,4.7,4584.0,620.0,1445.0,325.0,1450.0,170.0,1445.0,145.0,45.0,490.0,70.0,4295.0,2935.0,315.0,800.0,400.0,1480.0,1135.0,80.0,90.0,230.0,1795.0,1870.0,1575.0,695.0,485.0,185.0,455.0,415.0,325.0,250.0,185.0,360.0,240.0,355.0,6415.0,960.0,565.0,725.0,810.0,375.0,210.0,280.0,2270.0,3650.0,760.0,1275.0,180.0,2530.0,1550.0,70.0,510.0,365.0,265.0,265.0,380.0,945.0,20.0,570.0,820.0,725.0,780.0,785.0,645.0,555.0,830.0,715.0,830.0,735.0,755.0,215.0,415.0,520.0,540.0,530.0
Malvern,-2.9,4948.0,3490.0,6825.0,1310.0,5260.0,695.0,4310.0,300.0,145.0,1005.0,80.0,18350.0,12730.0,1220.0,1970.0,1640.0,3475.0,3175.0,1275.0,3540.0,1220.0,655.0,2110.0,3035.0,2670.0,2655.0,2940.0,1560.0,1290.0,1115.0,920.0,765.0,1285.0,635.0,505.0,15960.0,4335.0,4225.0,7845.0,7780.0,2745.0,920.0,335.0,3785.0,3565.0,700.0,785.0,60.0,655.0,2040.0,60.0,6985.0,2115.0,3035.0,1430.0,18085.0,9360.0,55.0,3350.0,3015.0,2460.0,2880.0,2625.0,2660.0,3250.0,3175.0,2995.0,3355.0,2920.0,3235.0,355.0,810.0,1155.0,1480.0,1545.0
Maple Leaf,-0.8,4012.0,880.0,1515.0,340.0,1030.0,250.0,1130.0,70.0,10.0,145.0,0.0,4560.0,2630.0,245.0,505.0,670.0,1635.0,800.0,175.0,95.0,205.0,635.0,765.0,1025.0,680.0,665.0,420.0,410.0,315.0,245.0,205.0,190.0,300.0,175.0,250.0,4345.0,1885.0,670.0,785.0,955.0,950.0,270.0,15.0,595.0,615.0,165.0,240.0,25.0,235.0,4740.0,15.0,685.0,730.0,255.0,165.0,1025.0,1725.0,10.0,660.0,610.0,600.0,760.0,575.0,865.0,600.0,620.0,730.0,805.0,625.0,1155.0,85.0,170.0,390.0,415.0,395.0
Markland Wood,1.1,3614.0,235.0,1005.0,215.0,1220.0,130.0,1720.0,235.0,20.0,460.0,75.0,5215.0,2405.0,190.0,610.0,780.0,1780.0,2025.0,5.0,285.0,40.0,170.0,1180.0,1455.0,720.0,675.0,285.0,385.0,320.0,330.0,275.0,240.0,480.0,355.0,660.0,6505.0,1405.0,460.0,975.0,755.0,295.0,60.0,85.0,1615.0,3800.0,575.0,1040.0,155.0,2535.0,3030.0,25.0,235.0,250.0,110.0,230.0,255.0,755.0,20.0,590.0,415.0,505.0,785.0,795.0,1120.0,580.0,480.0,565.0,840.0,935.0,1585.0,80.0,125.0,315.0,350.0,410.0
Milliken,-2.2,2830.0,3675.0,4475.0,395.0,2160.0,410.0,2715.0,175.0,80.0,430.0,50.0,12810.0,6610.0,490.0,1545.0,1440.0,3900.0,1970.0,550.0,610.0,520.0,95.0,925.0,1960.0,1640.0,1460.0,1680.0,730.0,735.0,605.0,495.0,445.0,710.0,425.0,480.0,6805.0,2885.0,3100.0,4880.0,5230.0,2190.0,990.0,30.0,1010.0,600.0,90.0,125.0,35.0,90.0,565.0,0.0,950.0,270.0,310.0,270.0,3215.0,20360.0,0.0,1625.0,1970.0,1380.0,1735.0,1925.0,2280.0,1550.0,1980.0,1515.0,2010.0,2100.0,2825.0,215.0,480.0,730.0,830.0,825.0
Mimico (includes Humber Bay Shores),28.0,4915.0,1600.0,4065.0,1030.0,4830.0,650.0,6365.0,735.0,180.0,2185.0,235.0,15295.0,9745.0,1165.0,2855.0,1395.0,2255.0,10810.0,285.0,915.0,355.0,3145.0,8220.0,5925.0,2010.0,1160.0,450.0,1660.0,1515.0,1310.0,1030.0,840.0,1520.0,980.0,1400.0,18925.0,3610.0,2035.0,2775.0,3115.0,1895.0,940.0,610.0,5375.0,10040.0,2175.0,3070.0,620.0,6585.0,6470.0,180.0,1275.0,1395.0,1165.0,1150.0,1940.0,4775.0,115.0,1455.0,3600.0,2710.0,2385.0,2240.0,2380.0,1550.0,3725.0,2695.0,2560.0,2400.0,2775.0,975.0,1665.0,1580.0,1630.0,1690.0
Morningside,-0.8,3041.0,1160.0,2380.0,475.0,2330.0,300.0,1705.0,205.0,105.0,425.0,40.0,7305.0,5210.0,460.0,795.0,795.0,2280.0,2130.0,25.0,920.0,310.0,205.0,1205.0,1600.0,1080.0,1075.0,915.0,550.0,480.0,415.0,360.0,300.0,505.0,310.0,310.0,7240.0,1650.0,1360.0,2440.0,2825.0,1215.0,410.0,205.0,2355.0,2700.0,510.0,615.0,95.0,695.0,1445.0,15.0,2280.0,665.0,1255.0,635.0,5370.0,3350.0,50.0,1380.0,1155.0,895.0,1135.0,1160.0,1220.0,1295.0,1230.0,1090.0,1305.0,1200.0,1485.0,275.0,485.0,590.0,650.0,660.0
Moss Park,25.8,14753.0,1025.0,2225.0,405.0,2085.0,335.0,4650.0,450.0,145.0,1870.0,265.0,6690.0,9455.0,660.0,1520.0,645.0,65.0,8240.0,135.0,630.0,110.0,2350.0,6855.0,3410.0,765.0,330.0,205.0,815.0,800.0,685.0,580.0,400.0,805.0,485.0,820.0,11240.0,1265.0,1070.0,1620.0,1570.0,945.0,750.0,435.0,3260.0,6215.0,1525.0,1995.0,470.0,2155.0,2280.0,150.0,945.0,670.0,2120.0,830.0,1400.0,2745.0,60.0,1035.0,2935.0,2160.0,2080.0,1580.0,1060.0,1010.0,2695.0,1545.0,1100.0,920.0,845.0,1235.0,1940.0,1110.0,935.0,945.0
Mount Dennis,3.4,6442.0,1610.0,2160.0,505.0,1630.0,295.0,870.0,185.0,0.0,295.0,20.0,4850.0,4315.0,540.0,955.0,535.0,955.0,2495.0,150.0,335.0,210.0,1035.0,1455.0,1435.0,1065.0,705.0,525.0,585.0,410.0,385.0,310.0,230.0,320.0,140.0,90.0,5545.0,1310.0,1305.0,1925.0,1985.0,905.0,275.0,180.0,1490.0,1365.0,380.0,420.0,45.0,650.0,2810.0,30.0,2605.0,1590.0,1955.0,290.0,690.0,2125.0,20.0,880.0,980.0,850.0,945.0,870.0,700.0,935.0,1040.0,990.0,1130.0,895.0,1005.0,235.0,580.0,635.0,655.0,620.0
Mount Olive-Silverstone-Jamestown,0.5,7291.0,4205.0,4875.0,895.0,2905.0,395.0,2500.0,185.0,105.0,900.0,50.0,12905.0,9290.0,1045.0,1445.0,1170.0,1655.0,6165.0,160.0,1040.0,755.0,90.0,1510.0,2045.0,2010.0,2075.0,2215.0,1160.0,980.0,765.0,585.0,445.0,690.0,300.0,225.0,10425.0,2465.0,2290.0,4915.0,7095.0,4720.0,900.0,185.0,2270.0,1395.0,210.0,365.0,20.0,505.0,1995.0,45.0,4335.0,1735.0,4975.0,5440.0,11395.0,1920.0,10.0,2675.0,2230.0,2010.0,2165.0,1720.0,1665.0,2565.0,2435.0,2450.0,2345.0,1765.0,1890.0,370.0,735.0,1000.0,1295.0,1330.0
Mount Pleasant East,5.0,5411.0,170.0,1100.0,195.0,1340.0,210.0,3895.0,425.0,170.0,1870.0,260.0,7865.0,4140.0,305.0,985.0,490.0,2160.0,2275.0,1620.0,140.0,180.0,1055.0,2650.0,2170.0,1080.0,1205.0,325.0,520.0,445.0,410.0,365.0,295.0,660.0,550.0,1840.0,11880.0,1535.0,555.0,810.0,970.0,635.0,360.0,320.0,3665.0,7920.0,1435.0,2475.0,510.0,3190.0,2625.0,345.0,435.0,525.0,490.0,770.0,785.0,2015.0,55.0,825.0,1015.0,1275.0,1260.0,885.0,1015.0,875.0,1200.0,1440.0,1420.0,1135.0,1435.0,265.0,495.0,535.0,545.0,550.0
Mount Pleasant West,3.7,21969.0,580.0,2545.0,475.0,3215.0,625.0,7840.0,755.0,265.0,3440.0,425.0,11720.0,11040.0,840.0,2330.0,1355.0,475.0,14785.0,185.0,200.0,100.0,1755.0,9670.0,5390.0,1520.0,720.0,200.0,1715.0,1515.0,1345.0,965.0,735.0,1235.0,670.0,1145.0,15955.0,2225.0,1330.0,2250.0,2915.0,2580.0,1670.0,405.0,4610.0,10135.0,2030.0,3040.0,690.0,5300.0,4070.0,615.0,910.0,1335.0,1250.0,2400.0,2035.0,3870.0,95.0,1155.0,3950.0,2415.0,1685.0,1285.0,1605.0,1360.0,4415.0,2645.0,1970.0,1765.0,2945.0,1245.0,1730.0,1565.0,1690.0,1945.0
New Toronto,5.2,3342.0,710.0,1475.0,340.0,1620.0,215.0,1705.0,200.0,20.0,425.0,55.0,4330.0,3545.0,415.0,895.0,515.0,1555.0,1180.0,215.0,260.0,200.0,1965.0,2200.0,1620.0,740.0,525.0,275.0,435.0,315.0,265.0,250.0,225.0,420.0,270.0,295.0,6975.0,885.0,645.0,950.0,995.0,500.0,345.0,330.0,2275.0,3920.0,910.0,1270.0,245.0,2185.0,1625.0,65.0,930.0,430.0,820.0,255.0,645.0,1295.0,45.0,730.0,880.0,810.0,850.0,770.0,685.0,660.0,920.0,895.0,875.0,800.0,840.0,300.0,765.0,715.0,590.0,540.0
Newtonbrook East,-2.0,3926.0,380.0,1270.0,265.0,1275.0,355.0,3400.0,310.0,250.0,1185.0,240.0,7615.0,4845.0,275.0,770.0,1015.0,2760.0,2590.0,10.0,30.0,380.0,330.0,1585.0,1930.0,1160.0,935.0,515.0,465.0,425.0,360.0,330.0,255.0,510.0,310.0,630.0,4465.0,1620.0,1075.0,2525.0,2855.0,1855.0,1110.0,50.0,855.0,1595.0,260.0,465.0,110.0,1090.0,1355.0,70.0,160.0,165.0,180.0,3070.0,795.0,7515.0,0.0,1105.0,1390.0,820.0,1050.0,1020.0,1385.0,1090.0,1325.0,995.0,1255.0,1125.0,1920.0,565.0,600.0,610.0,500.0,550.0
Newtonbrook West,3.4,5070.0,700.0,2920.0,615.0,2255.0,650.0,4020.0,570.0,215.0,1255.0,295.0,10960.0,6770.0,615.0,1445.0,1265.0,2530.0,4400.0,605.0,550.0,375.0,495.0,2145.0,2740.0,1795.0,1375.0,915.0,765.0,645.0,610.0,430.0,405.0,635.0,420.0,600.0,6450.0,2545.0,1340.0,2760.0,5380.0,3660.0,1510.0,70.0,1270.0,1825.0,315.0,745.0,75.0,4495.0,2520.0,1295.0,490.0,510.0,415.0,3280.0,1120.0,9735.0,15.0,1730.0,1705.0,1440.0,1620.0,1455.0,1775.0,1595.0,1830.0,1795.0,2025.0,1665.0,2360.0,690.0,855.0,1035.0,1005.0,870.0
Niagara,46.6,10156.0,665.0,2650.0,615.0,4380.0,555.0,10800.0,820.0,255.0,3565.0,330.0,12870.0,13585.0,700.0,1580.0,380.0,35.0,15645.0,110.0,860.0,315.0,1770.0,10090.0,6640.0,1380.0,505.0,165.0,1930.0,1810.0,1660.0,1395.0,1015.0,1900.0,1110.0,1580.0,20255.0,1595.0,1735.0,2120.0,2135.0,1405.0,1185.0,500.0,5255.0,10955.0,2440.0,4020.0,905.0,4330.0,5735.0,335.0,1365.0,1550.0,1590.0,1440.0,2420.0,4540.0,155.0,1060.0,6665.0,3480.0,1580.0,900.0,665.0,1370.0,6990.0,3095.0,1525.0,960.0,830.0,885.0,1140.0,1200.0,1370.0,1790.0
North Riverdale,-2.3,6770.0,315.0,1025.0,130.0,1015.0,145.0,2560.0,300.0,100.0,1180.0,225.0,5435.0,3300.0,235.0,650.0,330.0,815.0,700.0,1305.0,360.0,315.0,1460.0,1655.0,1545.0,740.0,775.0,290.0,355.0,295.0,280.0,235.0,225.0,440.0,345.0,1150.0,8605.0,1385.0,425.0,480.0,440.0,190.0,150.0,225.0,2475.0,5930.0,1095.0,1925.0,375.0,1850.0,1750.0,280.0,390.0,300.0,225.0,270.0,495.0,1845.0,90.0,625.0,715.0,890.0,1025.0,790.0,770.0,545.0,835.0,990.0,1020.0,860.0,905.0,175.0,315.0,375.0,380.0,440.0
North St. James Town,4.4,44321.0,1060.0,2385.0,490.0,2150.0,540.0,3510.0,390.0,110.0,1425.0,180.0,6465.0,7525.0,580.0,1215.0,550.0,5.0,8845.0,0.0,100.0,20.0,575.0,4525.0,2830.0,1200.0,640.0,370.0,820.0,650.0,525.0,365.0,235.0,370.0,185.0,180.0,7405.0,870.0,1045.0,2155.0,2890.0,2525.0,1470.0,265.0,1985.0,3365.0,895.0,1185.0,200.0,1305.0,1290.0,70.0,715.0,670.0,1875.0,1005.0,3800.0,4655.0,20.0,1170.0,2465.0,1765.0,1540.0,1010.0,755.0,1095.0,2040.0,1375.0,1180.0,975.0,985.0,885.0,1720.0,1260.0,1210.0,1145.0
Oakridge,2.6,7444.0,1105.0,1980.0,350.0,1325.0,220.0,1425.0,175.0,60.0,920.0,70.0,5340.0,3860.0,415.0,795.0,570.0,1050.0,3175.0,140.0,200.0,440.0,250.0,1785.0,1220.0,860.0,755.0,660.0,470.0,375.0,250.0,195.0,165.0,245.0,100.0,85.0,5660.0,910.0,680.0,1680.0,2490.0,1760.0,425.0,290.0,1660.0,1860.0,460.0,405.0,85.0,410.0,980.0,10.0,925.0,370.0,1820.0,890.0,4750.0,1655.0,25.0,880.0,895.0,975.0,1055.0,860.0,660.0,800.0,1030.0,1120.0,950.0,745.0,990.0,445.0,895.0,710.0,735.0,635.0
Oakwood Village,0.7,9511.0,1735.0,2635.0,565.0,2200.0,440.0,2870.0,265.0,80.0,1085.0,195.0,8895.0,6055.0,675.0,1345.0,1105.0,2795.0,1525.0,1260.0,20.0,685.0,2390.0,2655.0,2565.0,1645.0,1225.0,610.0,735.0,650.0,520.0,485.0,405.0,715.0,445.0,590.0,10280.0,3565.0,1385.0,1650.0,1890.0,1455.0,725.0,300.0,2695.0,3940.0,945.0,1285.0,255.0,2155.0,7255.0,435.0,2155.0,1585.0,1375.0,530.0,800.0,3770.0,80.0,1120.0,1550.0,1505.0,1515.0,1200.0,1555.0,1145.0,1610.0,1740.0,1580.0,1385.0,2120.0,345.0,885.0,1025.0,1025.0,855.0
O'Connor-Parkview,2.0,3780.0,1200.0,2525.0,580.0,2305.0,340.0,2365.0,245.0,45.0,755.0,50.0,7820.0,5285.0,555.0,1075.0,855.0,3030.0,2395.0,130.0,145.0,285.0,1485.0,2215.0,2265.0,1225.0,1110.0,660.0,675.0,525.0,490.0,395.0,350.0,545.0,405.0,640.0,11180.0,2080.0,660.0,1225.0,1700.0,1245.0,425.0,630.0,3545.0,5420.0,1110.0,1355.0,250.0,1730.0,4695.0,80.0,1300.0,625.0,885.0,815.0,1775.0,2350.0,35.0,1205.0,1115.0,1200.0,1450.0,1265.0,1160.0,1165.0,1190.0,1365.0,1530.0,1390.0,1490.0,355.0,680.0,840.0,835.0,740.0
Old East York,1.3,3997.0,525.0,1105.0,250.0,1155.0,220.0,1445.0,165.0,10.0,440.0,45.0,4270.0,2350.0,225.0,500.0,415.0,2220.0,520.0,170.0,0.0,425.0,455.0,1125.0,1165.0,640.0,600.0,265.0,300.0,290.0,220.0,235.0,170.0,390.0,290.0,505.0,6120.0,1410.0,310.0,540.0,435.0,320.0,70.0,190.0,1720.0,3415.0,685.0,880.0,190.0,740.0,2945.0,35.0,395.0,245.0,130.0,205.0,370.0,1515.0,15.0,490.0,520.0,665.0,815.0,590.0,685.0,430.0,510.0,700.0,840.0,685.0,855.0,120.0,260.0,320.0,350.0,325.0
Palmerston-Little Italy,0.6,9601.0,475.0,1555.0,205.0,1295.0,190.0,3220.0,260.0,65.0,1455.0,335.0,5535.0,5645.0,250.0,555.0,550.0,355.0,310.0,960.0,295.0,410.0,3890.0,2235.0,2225.0,945.0,595.0,335.0,485.0,480.0,390.0,335.0,325.0,590.0,410.0,740.0,9225.0,2115.0,530.0,555.0,570.0,325.0,435.0,360.0,2680.0,5585.0,1240.0,1955.0,535.0,2190.0,3615.0,425.0,335.0,540.0,315.0,295.0,455.0,1820.0,70.0,670.0,1950.0,1040.0,835.0,650.0,865.0,800.0,2265.0,970.0,790.0,615.0,1080.0,290.0,560.0,580.0,585.0,575.0
Parkwoods-Donalda,0.5,4691.0,1420.0,4200.0,875.0,3940.0,840.0,5060.0,590.0,210.0,1710.0,180.0,14645.0,9715.0,965.0,2090.0,1555.0,2555.0,6710.0,1355.0,1370.0,125.0,1185.0,3375.0,3890.0,2545.0,2225.0,1285.0,1335.0,1160.0,970.0,760.0,635.0,1120.0,645.0,1085.0,16630.0,3605.0,1885.0,3865.0,5065.0,2790.0,870.0,590.0,4525.0,7305.0,1500.0,2355.0,395.0,3795.0,4385.0,240.0,2710.0,1580.0,2600.0,4205.0,3685.0,6925.0,65.0,2400.0,2200.0,2115.0,2500.0,1960.0,2210.0,2285.0,2380.0,2655.0,2910.0,2320.0,3010.0,540.0,860.0,1310.0,1405.0,1545.0
Pelmo Park-Humberlea,23.1,2547.0,1005.0,1610.0,460.0,1340.0,220.0,1025.0,125.0,10.0,190.0,20.0,4875.0,2795.0,255.0,540.0,510.0,1795.0,535.0,510.0,260.0,350.0,240.0,750.0,995.0,715.0,755.0,495.0,350.0,300.0,300.0,270.0,230.0,485.0,285.0,280.0,5685.0,1690.0,840.0,890.0,1155.0,365.0,95.0,105.0,1090.0,1255.0,290.0,310.0,40.0,570.0,4345.0,15.0,855.0,860.0,500.0,265.0,765.0,1630.0,10.0,710.0,705.0,675.0,870.0,635.0,720.0,655.0,730.0,745.0,895.0,750.0,850.0,90.0,145.0,270.0,365.0,355.0
Playter Estates-Danforth,2.0,8671.0,150.0,655.0,95.0,765.0,95.0,1650.0,170.0,45.0,855.0,160.0,3400.0,2330.0,180.0,415.0,320.0,630.0,925.0,580.0,60.0,200.0,1170.0,1450.0,1055.0,435.0,460.0,175.0,275.0,220.0,215.0,145.0,135.0,255.0,205.0,670.0,5750.0,815.0,215.0,290.0,250.0,235.0,90.0,145.0,1530.0,4035.0,770.0,1310.0,405.0,1095.0,1445.0,180.0,165.0,170.0,190.0,125.0,275.0,895.0,15.0,370.0,580.0,630.0,625.0,490.0,550.0,355.0,670.0,625.0,580.0,490.0,660.0,160.0,365.0,325.0,305.0,305.0
Pleasant View,-2.0,5273.0,630.0,1670.0,330.0,1575.0,390.0,2535.0,220.0,130.0,815.0,150.0,7670.0,4210.0,275.0,775.0,820.0,1010.0,1475.0,1805.0,270.0,110.0,825.0,1025.0,1630.0,1190.0,970.0,705.0,515.0,460.0,420.0,355.0,295.0,575.0,375.0,430.0,5270.0,2715.0,875.0,2020.0,2825.0,1320.0,760.0,85.0,1100.0,1540.0,330.0,530.0,50.0,725.0,3190.0,70.0,570.0,310.0,550.0,1280.0,1330.0,6950.0,30.0,1070.0,1040.0,895.0,1205.0,905.0,1450.0,1005.0,990.0,1015.0,1340.0,1105.0,1765.0,220.0,285.0,475.0,560.0,575.0
Princess-Rosethorn,-1.3,2138.0,240.0,855.0,145.0,875.0,195.0,2005.0,275.0,145.0,800.0,100.0,5880.0,2430.0,155.0,310.0,495.0,3295.0,440.0,5.0,40.0,55.0,15.0,560.0,1245.0,750.0,935.0,380.0,220.0,185.0,210.0,225.0,190.0,415.0,355.0,1380.0,7565.0,1335.0,415.0,650.0,680.0,270.0,130.0,80.0,1730.0,3820.0,480.0,1130.0,205.0,2320.0,3350.0,70.0,165.0,290.0,205.0,295.0,615.0,1040.0,55.0,815.0,425.0,550.0,870.0,915.0,940.0,770.0,400.0,630.0,965.0,950.0,1090.0,65.0,90.0,145.0,195.0,165.0
Regent Park,8.0,16880.0,1080.0,1405.0,180.0,1000.0,170.0,1765.0,170.0,50.0,665.0,85.0,3690.0,4140.0,355.0,690.0,290.0,5.0,3630.0,50.0,505.0,10.0,735.0,2155.0,1400.0,575.0,440.0,385.0,475.0,345.0,280.0,185.0,140.0,230.0,125.0,160.0,5350.0,430.0,685.0,1545.0,1790.0,560.0,315.0,240.0,1450.0,1850.0,525.0,555.0,150.0,580.0,740.0,75.0,505.0,415.0,1275.0,495.0,2780.0,2345.0,25.0,890.0,1180.0,820.0,845.0,610.0,385.0,885.0,1150.0,790.0,765.0,495.0,355.0,480.0,770.0,645.0,590.0,535.0
Rexdale-Kipling,0.4,4229.0,850.0,1680.0,405.0,1325.0,195.0,960.0,100.0,20.0,205.0,25.0,4390.0,2975.0,315.0,660.0,555.0,1775.0,460.0,30.0,430.0,480.0,670.0,985.0,1045.0,700.0,655.0,450.0,360.0,305.0,270.0,270.0,220.0,395.0,180.0,170.0,5255.0,1320.0,815.0,1080.0,1130.0,625.0,130.0,105.0,1310.0,2020.0,330.0,640.0,110.0,725.0,2410.0,55.0,1125.0,830.0,790.0,475.0,1440.0,1045.0,10.0,700.0,705.0,625.0,760.0,745.0,765.0,660.0,690.0,685.0,820.0,780.0,960.0,160.0,330.0,375.0,395.0,405.0
Rockcliffe-Smythe,-0.1,4414.0,2925.0,3410.0,1020.0,2405.0,345.0,1610.0,160.0,40.0,360.0,50.0,8865.0,6255.0,820.0,1630.0,1175.0,2765.0,3260.0,1055.0,240.0,465.0,1275.0,2985.0,2485.0,1545.0,1210.0,835.0,835.0,685.0,605.0,550.0,455.0,750.0,335.0,250.0,10755.0,3310.0,2355.0,2430.0,1890.0,1040.0,445.0,400.0,2220.0,3295.0,730.0,1015.0,170.0,1665.0,7435.0,35.0,2150.0,2635.0,1870.0,410.0,1155.0,3005.0,10.0,1405.0,1485.0,1430.0,1595.0,1510.0,1555.0,1345.0,1535.0,1515.0,1700.0,1580.0,2130.0,415.0,1045.0,1110.0,1050.0,955.0
Roncesvalles,-0.5,9851.0,860.0,1765.0,300.0,1540.0,260.0,3040.0,230.0,50.0,1345.0,230.0,6295.0,4580.0,410.0,880.0,490.0,675.0,1720.0,995.0,320.0,430.0,2715.0,2705.0,2095.0,925.0,805.0,370.0,515.0,455.0,420.0,345.0,300.0,570.0,340.0,765.0,10080.0,1565.0,710.0,765.0,830.0,510.0,390.0,330.0,2975.0,6490.0,1460.0,1960.0,505.0,3100.0,2495.0,225.0,585.0,505.0,535.0,285.0,800.0,1840.0,100.0,650.0,1340.0,1310.0,1255.0,900.0,755.0,645.0,1585.0,1345.0,1120.0,790.0,925.0,365.0,880.0,675.0,610.0,630.0
Rosedale-Moore Park,1.4,4500.0,200.0,1160.0,180.0,1125.0,335.0,4240.0,620.0,265.0,2445.0,320.0,10105.0,5480.0,385.0,1340.0,1010.0,2450.0,4990.0,485.0,260.0,345.0,1505.0,4155.0,3380.0,1005.0,980.0,525.0,660.0,655.0,555.0,500.0,380.0,785.0,585.0,3110.0,14490.0,2320.0,645.0,790.0,1000.0,750.0,620.0,270.0,4475.0,10855.0,1900.0,2995.0,795.0,3490.0,2425.0,395.0,355.0,515.0,580.0,835.0,685.0,2025.0,75.0,1025.0,1205.0,1055.0,1445.0,1390.0,2220.0,1165.0,1375.0,1285.0,1590.0,1655.0,2900.0,475.0,470.0,580.0,585.0,710.0
Rouge,1.3,1260.0,3010.0,6770.0,1040.0,6010.0,885.0,5395.0,490.0,150.0,1285.0,75.0,21595.0,12380.0,1055.0,1620.0,1895.0,7625.0,1015.0,1145.0,1855.0,1170.0,575.0,1635.0,2895.0,2575.0,3095.0,3170.0,1110.0,1175.0,1140.0,1050.0,970.0,1995.0,1285.0,1575.0,20025.0,5265.0,4455.0,8575.0,5700.0,1595.0,470.0,285.0,4885.0,5930.0,835.0,1590.0,265.0,1400.0,3045.0,50.0,6280.0,1700.0,2270.0,1280.0,20265.0,7435.0,50.0,3490.0,2985.0,2590.0,3140.0,3195.0,2985.0,3210.0,3115.0,3010.0,3675.0,3485.0,3605.0,185.0,355.0,635.0,845.0,1095.0
Runnymede-Bloor West Village,4.5,6333.0,155.0,795.0,140.0,945.0,100.0,2170.0,175.0,50.0,1065.0,220.0,5035.0,2170.0,145.0,345.0,335.0,2025.0,0.0,760.0,50.0,240.0,735.0,840.0,1135.0,745.0,840.0,255.0,255.0,230.0,225.0,235.0,215.0,445.0,355.0,965.0,7585.0,1175.0,360.0,320.0,300.0,170.0,145.0,210.0,2040.0,4800.0,935.0,1535.0,265.0,2410.0,2360.0,175.0,185.0,285.0,190.0,165.0,305.0,900.0,40.0,445.0,545.0,845.0,810.0,570.0,560.0,510.0,625.0,925.0,860.0,640.0,685.0,80.0,115.0,225.0,250.0,240.0
Rustic,-0.1,4734.0,955.0,1520.0,385.0,1090.0,130.0,460.0,75.0,20.0,75.0,0.0,3395.0,3010.0,375.0,560.0,675.0,1150.0,1965.0,210.0,5.0,85.0,240.0,890.0,1065.0,710.0,575.0,405.0,300.0,250.0,210.0,165.0,110.0,215.0,140.0,155.0,4495.0,1690.0,910.0,1185.0,810.0,510.0,150.0,55.0,745.0,675.0,190.0,175.0,10.0,200.0,3395.0,15.0,1545.0,785.0,2160.0,205.0,540.0,860.0,0.0,720.0,500.0,450.0,580.0,480.0,765.0,675.0,645.0,670.0,780.0,645.0,1100.0,135.0,500.0,550.0,510.0,410.0
Scarborough Village,0.7,5395.0,1380.0,2330.0,460.0,1760.0,355.0,1435.0,155.0,85.0,615.0,90.0,6435.0,4665.0,535.0,945.0,785.0,1105.0,3980.0,30.0,270.0,170.0,355.0,1535.0,1500.0,1040.0,1005.0,840.0,610.0,465.0,345.0,265.0,215.0,345.0,190.0,260.0,7040.0,1270.0,1105.0,2120.0,2855.0,1625.0,415.0,330.0,1925.0,2470.0,515.0,610.0,150.0,605.0,1435.0,0.0,2285.0,665.0,1375.0,905.0,5535.0,1715.0,0.0,1230.0,930.0,980.0,1165.0,960.0,945.0,1130.0,1135.0,1205.0,1235.0,1130.0,1255.0,285.0,650.0,710.0,790.0,800.0
South Parkdale,2.8,9583.0,1895.0,3040.0,800.0,3085.0,340.0,3615.0,275.0,80.0,1040.0,105.0,7170.0,9295.0,785.0,1670.0,805.0,200.0,7170.0,150.0,355.0,210.0,3280.0,5835.0,3360.0,1165.0,680.0,350.0,1050.0,725.0,615.0,400.0,320.0,485.0,225.0,285.0,11025.0,1590.0,1180.0,1850.0,2605.0,1695.0,705.0,655.0,2935.0,6170.0,1545.0,1955.0,420.0,2645.0,2590.0,110.0,1305.0,980.0,1485.0,595.0,1700.0,5125.0,65.0,1065.0,2875.0,1895.0,1590.0,1330.0,1120.0,1195.0,2980.0,1760.0,1360.0,1155.0,1420.0,815.0,2000.0,1660.0,1560.0,1260.0
South Riverdale,8.7,3136.0,2135.0,3170.0,455.0,3100.0,395.0,5715.0,415.0,105.0,2070.0,305.0,12215.0,8345.0,630.0,1745.0,975.0,865.0,2175.0,2390.0,1660.0,685.0,4195.0,4340.0,3860.0,1800.0,1385.0,705.0,890.0,900.0,770.0,715.0,600.0,1110.0,950.0,1560.0,18260.0,2450.0,1635.0,1740.0,1580.0,800.0,580.0,830.0,5445.0,10955.0,2500.0,3210.0,665.0,2735.0,2980.0,305.0,1020.0,640.0,890.0,620.0,1240.0,7805.0,150.0,1255.0,2555.0,2670.0,2220.0,1595.0,1605.0,1195.0,2750.0,2680.0,2140.0,1510.0,1730.0,590.0,1205.0,930.0,960.0,900.0
St.Andrew-Windfields,-0.8,2430.0,310.0,1420.0,175.0,1320.0,375.0,3010.0,405.0,520.0,1550.0,260.0,8870.0,4545.0,310.0,790.0,645.0,3245.0,1745.0,175.0,540.0,120.0,595.0,1310.0,1980.0,1225.0,1195.0,720.0,435.0,400.0,350.0,325.0,265.0,545.0,380.0,1860.0,8355.0,1890.0,1170.0,1825.0,2550.0,1400.0,495.0,105.0,1800.0,3210.0,625.0,1045.0,200.0,3145.0,1830.0,405.0,465.0,500.0,590.0,2105.0,1205.0,5425.0,25.0,1365.0,840.0,840.0,1375.0,1260.0,1500.0,1180.0,970.0,1130.0,1630.0,1360.0,1745.0,285.0,290.0,390.0,435.0,450.0
Steeles,-1.6,5436.0,2595.0,3285.0,335.0,1965.0,445.0,3165.0,220.0,75.0,785.0,90.0,12485.0,5765.0,420.0,1340.0,1455.0,3725.0,2715.0,185.0,555.0,355.0,285.0,1255.0,2305.0,1675.0,1260.0,1320.0,670.0,675.0,585.0,500.0,425.0,810.0,425.0,535.0,5820.0,3420.0,2705.0,4595.0,4920.0,1810.0,1005.0,30.0,880.0,875.0,155.0,265.0,50.0,210.0,1155.0,20.0,460.0,90.0,615.0,800.0,1580.0,18780.0,0.0,1395.0,1620.0,1195.0,1760.0,1610.0,2560.0,1290.0,1620.0,1415.0,1935.0,1915.0,3150.0,315.0,550.0,745.0,875.0,715.0
Stonegate-Queensway,1.5,3199.0,855.0,2490.0,560.0,2915.0,435.0,4390.0,595.0,130.0,1640.0,240.0,12100.0,5615.0,575.0,1435.0,1255.0,5790.0,1035.0,100.0,440.0,245.0,2765.0,3025.0,3300.0,1765.0,1710.0,590.0,815.0,720.0,590.0,575.0,495.0,1015.0,765.0,1885.0,15905.0,2935.0,1135.0,1655.0,1900.0,1005.0,355.0,355.0,4295.0,8400.0,1615.0,2555.0,450.0,6735.0,6015.0,150.0,655.0,670.0,460.0,685.0,1010.0,2230.0,85.0,1280.0,1420.0,1805.0,2015.0,1745.0,1855.0,1205.0,1405.0,1970.0,2030.0,1905.0,2325.0,325.0,540.0,865.0,910.0,860.0
Tam O'Shanter-Sullivan,0.2,5073.0,1635.0,3410.0,550.0,2590.0,530.0,3810.0,260.0,110.0,1195.0,115.0,12840.0,6760.0,625.0,1520.0,1830.0,3080.0,4860.0,165.0,920.0,670.0,340.0,2425.0,2990.0,1890.0,1600.0,1170.0,940.0,775.0,715.0,575.0,455.0,805.0,475.0,575.0,9285.0,3500.0,2210.0,3875.0,4720.0,2435.0,1010.0,225.0,2180.0,3340.0,575.0,805.0,105.0,850.0,2630.0,60.0,1580.0,670.0,1110.0,1530.0,4750.0,11750.0,35.0,1690.0,1690.0,1470.0,1850.0,1610.0,2465.0,1525.0,1795.0,1760.0,2110.0,1900.0,3690.0,400.0,895.0,1180.0,1165.0,1145.0
Taylor-Massey,0.6,15528.0,930.0,1955.0,385.0,1635.0,275.0,2160.0,210.0,80.0,1550.0,135.0,6670.0,4200.0,425.0,875.0,555.0,600.0,4840.0,195.0,185.0,195.0,240.0,1895.0,1770.0,1135.0,970.0,500.0,675.0,520.0,360.0,285.0,215.0,275.0,160.0,105.0,6055.0,1075.0,640.0,1405.0,3095.0,2500.0,725.0,235.0,1960.0,2735.0,595.0,885.0,160.0,1035.0,1535.0,40.0,820.0,460.0,1185.0,640.0,5850.0,1960.0,10.0,835.0,1320.0,1280.0,1125.0,885.0,700.0,850.0,1435.0,1330.0,1085.0,865.0,1000.0,380.0,725.0,825.0,885.0,880.0
The Beaches,2.1,6058.0,420.0,1895.0,345.0,2125.0,240.0,4680.0,525.0,180.0,1930.0,280.0,10220.0,4940.0,560.0,1410.0,620.0,2590.0,640.0,1450.0,340.0,465.0,3925.0,3255.0,2920.0,1315.0,1405.0,525.0,640.0,545.0,585.0,500.0,435.0,890.0,675.0,2355.0,16900.0,1965.0,530.0,640.0,710.0,395.0,325.0,565.0,5405.0,13560.0,2525.0,3725.0,1115.0,3120.0,2900.0,320.0,510.0,495.0,410.0,560.0,795.0,1415.0,125.0,1020.0,1115.0,1565.0,1805.0,1455.0,1320.0,1070.0,1380.0,1805.0,1905.0,1675.0,1605.0,370.0,570.0,585.0,640.0,665.0
Thistletown-Beaumond Heights,2.2,3130.0,930.0,1380.0,345.0,1135.0,235.0,940.0,80.0,10.0,280.0,25.0,4480.0,2730.0,285.0,490.0,650.0,1575.0,680.0,300.0,50.0,375.0,295.0,570.0,880.0,645.0,565.0,615.0,340.0,290.0,240.0,200.0,185.0,340.0,190.0,190.0,4470.0,1175.0,830.0,1245.0,1490.0,720.0,190.0,65.0,880.0,1055.0,235.0,415.0,35.0,510.0,1850.0,25.0,855.0,795.0,920.0,970.0,2770.0,710.0,0.0,725.0,660.0,630.0,725.0,600.0,845.0,665.0,745.0,640.0,755.0,600.0,1035.0,75.0,190.0,310.0,365.0,355.0
Thorncliffe Park,9.8,6787.0,1575.0,2405.0,275.0,1625.0,390.0,2640.0,205.0,205.0,1255.0,70.0,8865.0,4500.0,450.0,870.0,820.0,0.0,6660.0,0.0,85.0,0.0,375.0,1920.0,1630.0,1065.0,1105.0,1415.0,780.0,615.0,430.0,315.0,240.0,305.0,140.0,115.0,6620.0,1210.0,755.0,2275.0,5160.0,3880.0,950.0,130.0,1340.0,1830.0,325.0,510.0,95.0,995.0,1245.0,45.0,535.0,385.0,1180.0,3255.0,9545.0,2325.0,10.0,1285.0,1495.0,1550.0,1375.0,790.0,910.0,1175.0,1775.0,1660.0,1155.0,870.0,1430.0,410.0,740.0,935.0,1045.0,1050.0
Trinity-Bellwoods,-1.5,9570.0,1280.0,2130.0,315.0,1525.0,195.0,3110.0,335.0,125.0,1370.0,275.0,6960.0,6115.0,275.0,735.0,735.0,385.0,295.0,715.0,890.0,875.0,3385.0,2155.0,2350.0,1145.0,755.0,495.0,550.0,495.0,490.0,400.0,360.0,665.0,405.0,855.0,9830.0,2560.0,910.0,950.0,910.0,460.0,600.0,255.0,2530.0,5290.0,1250.0,1705.0,580.0,1945.0,4715.0,225.0,320.0,440.0,250.0,375.0,290.0,3845.0,85.0,745.0,2150.0,1435.0,1070.0,830.0,1045.0,890.0,2250.0,1215.0,1060.0,815.0,1290.0,300.0,500.0,615.0,615.0,670.0
University,-2.2,5395.0,155.0,485.0,100.0,435.0,95.0,1420.0,145.0,45.0,785.0,320.0,2650.0,3515.0,125.0,360.0,400.0,125.0,1125.0,215.0,285.0,185.0,1410.0,1445.0,1150.0,450.0,240.0,115.0,255.0,230.0,190.0,150.0,145.0,240.0,160.0,375.0,4040.0,815.0,215.0,315.0,355.0,315.0,625.0,135.0,1100.0,2420.0,610.0,815.0,150.0,1110.0,1145.0,235.0,155.0,230.0,210.0,215.0,440.0,1385.0,15.0,760.0,995.0,525.0,365.0,325.0,535.0,720.0,935.0,395.0,360.0,345.0,785.0,370.0,340.0,320.0,305.0,290.0
Victoria Village,1.9,3710.0,1105.0,2240.0,435.0,2295.0,290.0,2105.0,225.0,65.0,620.0,65.0,6950.0,4960.0,600.0,1195.0,1165.0,1250.0,3235.0,305.0,365.0,180.0,2060.0,2650.0,2140.0,1150.0,915.0,560.0,720.0,610.0,445.0,370.0,295.0,440.0,260.0,310.0,7670.0,2230.0,1055.0,2035.0,2165.0,1695.0,320.0,355.0,1955.0,3240.0,680.0,835.0,140.0,925.0,2755.0,60.0,1380.0,660.0,1410.0,2210.0,3070.0,2505.0,0.0,1020.0,1070.0,1085.0,1190.0,1060.0,1330.0,1025.0,1195.0,1295.0,1340.0,1190.0,2080.0,390.0,840.0,895.0,905.0,935.0
Waterfront Communities-The Island,52.0,8943.0,815.0,4920.0,850.0,6135.0,1200.0,22565.0,2065.0,760.0,9335.0,950.0,26455.0,30210.0,1255.0,3375.0,985.0,255.0,39265.0,40.0,560.0,80.0,535.0,22030.0,14470.0,2900.0,970.0,385.0,3775.0,3905.0,3315.0,2725.0,2280.0,3990.0,2405.0,4025.0,37035.0,3795.0,3350.0,5845.0,6095.0,4730.0,4775.0,965.0,9470.0,20655.0,5210.0,6925.0,1480.0,8260.0,9090.0,645.0,2625.0,2325.0,3435.0,4210.0,7130.0,13710.0,235.0,3670.0,14455.0,5980.0,3080.0,2190.0,2060.0,4145.0,13705.0,4975.0,2905.0,2485.0,2605.0,2755.0,2570.0,2655.0,2850.0,3530.0
West Hill,3.2,2856.0,2195.0,3930.0,910.0,3560.0,435.0,2435.0,250.0,90.0,700.0,45.0,10385.0,8295.0,945.0,1740.0,1385.0,3220.0,3485.0,450.0,1445.0,735.0,635.0,2795.0,2530.0,1770.0,1585.0,1320.0,880.0,765.0,710.0,590.0,435.0,830.0,455.0,455.0,13280.0,2895.0,1990.0,3330.0,3670.0,1455.0,335.0,755.0,4050.0,5655.0,990.0,1550.0,170.0,1550.0,3130.0,60.0,4375.0,1640.0,2595.0,965.0,5420.0,3825.0,10.0,2045.0,1585.0,1425.0,1975.0,1835.0,1810.0,1885.0,1765.0,1725.0,2280.0,1960.0,2415.0,540.0,1215.0,1050.0,1075.0,1020.0
West Humber-Clairville,-2.3,1117.0,2550.0,4805.0,985.0,3720.0,620.0,3300.0,325.0,160.0,1135.0,60.0,14540.0,10045.0,825.0,1420.0,1450.0,3870.0,2265.0,295.0,1310.0,1850.0,685.0,1800.0,2430.0,2020.0,1985.0,2050.0,1005.0,1045.0,815.0,760.0,595.0,1150.0,645.0,565.0,12285.0,3790.0,2925.0,4935.0,5145.0,2440.0,1370.0,155.0,2450.0,2385.0,520.0,695.0,95.0,870.0,3420.0,70.0,4390.0,2240.0,3180.0,955.0,14275.0,2995.0,20.0,2930.0,2560.0,1895.0,2305.0,1910.0,2340.0,2515.0,2560.0,2110.0,2380.0,2075.0,2660.0,365.0,495.0,850.0,980.0,1040.0
Westminster-Branson,3.3,7339.0,890.0,2845.0,610.0,2935.0,710.0,4040.0,795.0,210.0,1170.0,155.0,11835.0,6590.0,790.0,1995.0,1645.0,870.0,7735.0,555.0,470.0,145.0,455.0,2750.0,3100.0,1985.0,1480.0,945.0,985.0,855.0,735.0,630.0,435.0,635.0,380.0,420.0,7070.0,2350.0,1575.0,4060.0,5730.0,4430.0,930.0,110.0,1685.0,1475.0,315.0,860.0,55.0,9130.0,1795.0,2640.0,805.0,615.0,810.0,2890.0,815.0,8035.0,10.0,1755.0,1705.0,1490.0,1670.0,1625.0,2050.0,1600.0,1775.0,2095.0,2125.0,1880.0,3100.0,425.0,1200.0,1235.0,1180.0,1150.0
Weston,-1.0,7197.0,1905.0,2775.0,850.0,2375.0,265.0,1390.0,180.0,30.0,350.0,50.0,6260.0,5555.0,755.0,1480.0,835.0,1620.0,4405.0,205.0,160.0,230.0,990.0,2805.0,2075.0,1210.0,865.0,640.0,675.0,540.0,385.0,370.0,300.0,440.0,235.0,245.0,8475.0,1880.0,1520.0,1865.0,1970.0,1465.0,520.0,230.0,1940.0,3050.0,625.0,805.0,90.0,1155.0,3740.0,40.0,3550.0,1450.0,3285.0,425.0,885.0,1805.0,20.0,1105.0,1270.0,1120.0,1295.0,1185.0,960.0,1115.0,1425.0,1275.0,1410.0,1245.0,1475.0,435.0,1130.0,1025.0,955.0,865.0
Weston-Pelham Park,-7.6,7601.0,1765.0,1765.0,365.0,1205.0,140.0,995.0,75.0,0.0,325.0,20.0,4555.0,3430.0,355.0,630.0,440.0,505.0,500.0,1220.0,300.0,210.0,1475.0,1195.0,1115.0,800.0,660.0,460.0,325.0,315.0,280.0,295.0,255.0,425.0,230.0,145.0,5430.0,1740.0,1235.0,1220.0,815.0,370.0,290.0,220.0,1280.0,1840.0,415.0,480.0,95.0,630.0,4770.0,85.0,850.0,1045.0,675.0,250.0,470.0,1305.0,30.0,745.0,935.0,860.0,830.0,755.0,590.0,670.0,930.0,905.0,805.0,655.0,740.0,245.0,515.0,415.0,405.0,375.0
Wexford/Maryvale,3.3,2724.0,1820.0,4200.0,975.0,3335.0,645.0,3065.0,285.0,90.0,895.0,85.0,12065.0,7840.0,730.0,1495.0,1605.0,5290.0,1865.0,15.0,360.0,1470.0,1105.0,2535.0,2775.0,1880.0,1630.0,1270.0,965.0,840.0,725.0,620.0,545.0,945.0,540.0,530.0,13180.0,3245.0,1530.0,3205.0,3950.0,1970.0,470.0,270.0,3830.0,4895.0,920.0,1355.0,185.0,1320.0,5195.0,80.0,1615.0,960.0,1130.0,2640.0,4245.0,6165.0,40.0,1935.0,1845.0,1660.0,2065.0,1940.0,1975.0,1705.0,1750.0,1840.0,2255.0,1990.0,2750.0,320.0,775.0,1065.0,1155.0,1100.0
Willowdale East,12.0,10087.0,745.0,3780.0,475.0,3910.0,1140.0,12725.0,1145.0,975.0,5535.0,800.0,24115.0,15635.0,940.0,2230.0,1565.0,3385.0,16100.0,65.0,845.0,250.0,1650.0,7390.0,7200.0,4025.0,2650.0,1050.0,1900.0,1705.0,1575.0,1255.0,995.0,1760.0,1055.0,1840.0,14150.0,3775.0,3155.0,7050.0,9660.0,7405.0,5080.0,205.0,2500.0,4750.0,935.0,1795.0,360.0,4115.0,3340.0,555.0,860.0,1090.0,1545.0,8805.0,3460.0,24815.0,55.0,3290.0,5380.0,3635.0,3125.0,2410.0,2785.0,3640.0,5730.0,4095.0,3875.0,3065.0,3460.0,2785.0,1670.0,1865.0,1895.0,2015.0
Willowdale West,12.9,5820.0,290.0,1395.0,190.0,1305.0,290.0,3745.0,285.0,195.0,1520.0,260.0,8000.0,4865.0,330.0,945.0,1025.0,2030.0,4630.0,140.0,250.0,300.0,195.0,2660.0,2445.0,1180.0,885.0,380.0,490.0,485.0,465.0,420.0,315.0,630.0,390.0,765.0,5970.0,1820.0,875.0,2145.0,2880.0,1675.0,1310.0,105.0,1330.0,2530.0,460.0,860.0,130.0,2405.0,1785.0,420.0,215.0,340.0,280.0,2585.0,935.0,6320.0,0.0,1120.0,1570.0,1085.0,970.0,920.0,1375.0,1105.0,1575.0,1100.0,1155.0,1155.0,1995.0,790.0,875.0,700.0,625.0,595.0
Willowridge-Martingrove-Richview,3.8,4007.0,1080.0,2825.0,615.0,2265.0,300.0,2725.0,305.0,55.0,835.0,105.0,10145.0,5280.0,605.0,1105.0,1445.0,3600.0,3740.0,530.0,345.0,255.0,35.0,2165.0,2600.0,1495.0,1400.0,840.0,805.0,685.0,600.0,555.0,435.0,875.0,550.0,820.0,11775.0,3420.0,1230.0,1805.0,2360.0,1210.0,340.0,130.0,2190.0,4230.0,695.0,1310.0,230.0,2700.0,7060.0,55.0,1415.0,1150.0,1910.0,510.0,2455.0,1910.0,25.0,1385.0,1225.0,1195.0,1485.0,1400.0,2085.0,1240.0,1265.0,1385.0,1610.0,1505.0,2810.0,185.0,460.0,835.0,830.0,845.0
Woburn,0.3,4345.0,4060.0,7485.0,1150.0,5775.0,860.0,5880.0,550.0,210.0,1955.0,155.0,23035.0,14385.0,1400.0,2405.0,2645.0,6310.0,9330.0,285.0,240.0,1750.0,490.0,4220.0,4855.0,3395.0,3200.0,2775.0,1905.0,1545.0,1315.0,1070.0,850.0,1485.0,710.0,655.0,20645.0,4550.0,3645.0,7885.0,9170.0,4925.0,2200.0,605.0,5385.0,6865.0,1205.0,1505.0,290.0,1650.0,4485.0,95.0,4665.0,1745.0,2470.0,2655.0,21505.0,8965.0,80.0,4125.0,3740.0,3170.0,3515.0,3040.0,3490.0,3545.0,4055.0,3680.0,3735.0,3205.0,4580.0,905.0,1845.0,1925.0,2095.0,2095.0
Woodbine Corridor,7.2,7838.0,625.0,1255.0,280.0,1495.0,165.0,2535.0,235.0,60.0,910.0,145.0,5590.0,3145.0,330.0,745.0,405.0,885.0,690.0,1555.0,300.0,190.0,1810.0,1860.0,1620.0,900.0,820.0,250.0,360.0,325.0,285.0,320.0,265.0,560.0,475.0,695.0,9320.0,1045.0,475.0,570.0,570.0,265.0,185.0,425.0,3340.0,6430.0,1390.0,1935.0,360.0,1615.0,1350.0,175.0,585.0,330.0,530.0,200.0,680.0,1715.0,75.0,530.0,845.0,1110.0,1020.0,765.0,590.0,515.0,950.0,1195.0,1060.0,865.0,795.0,195.0,585.0,520.0,440.0,430.0
Woodbine-Lumsden,0.5,6722.0,425.0,1125.0,250.0,1020.0,105.0,1310.0,115.0,25.0,485.0,90.0,3600.0,2095.0,205.0,505.0,300.0,1885.0,610.0,325.0,20.0,285.0,320.0,1105.0,1150.0,585.0,440.0,175.0,290.0,235.0,245.0,245.0,185.0,395.0,280.0,260.0,5490.0,825.0,360.0,475.0,410.0,130.0,160.0,270.0,1590.0,3195.0,705.0,945.0,175.0,1015.0,1455.0,60.0,460.0,245.0,245.0,100.0,355.0,1310.0,20.0,360.0,550.0,635.0,625.0,550.0,505.0,310.0,565.0,725.0,670.0,595.0,585.0,120.0,310.0,320.0,280.0,305.0
Wychwood,2.6,8541.0,645.0,1370.0,285.0,1345.0,270.0,2285.0,290.0,55.0,1135.0,230.0,5840.0,4340.0,380.0,910.0,1035.0,920.0,1295.0,880.0,290.0,395.0,2080.0,2075.0,1870.0,875.0,750.0,330.0,500.0,400.0,380.0,305.0,250.0,495.0,310.0,705.0,8525.0,2055.0,630.0,710.0,655.0,315.0,385.0,335.0,2010.0,4470.0,1170.0,1505.0,465.0,2485.0,3550.0,545.0,740.0,645.0,610.0,360.0,330.0,1860.0,90.0,645.0,1215.0,960.0,930.0,720.0,1185.0,675.0,1300.0,1015.0,1010.0,885.0,1935.0,260.0,590.0,625.0,555.0,505.0
Yonge-Eglinton,11.7,7162.0,135.0,680.0,165.0,935.0,195.0,2875.0,290.0,140.0,1505.0,250.0,5380.0,3410.0,255.0,660.0,300.0,1400.0,1995.0,465.0,60.0,310.0,1445.0,2365.0,1695.0,710.0,690.0,220.0,475.0,415.0,345.0,255.0,240.0,465.0,320.0,1135.0,8080.0,1025.0,325.0,530.0,710.0,600.0,540.0,140.0,2695.0,5075.0,1085.0,1610.0,325.0,2215.0,1665.0,315.0,280.0,370.0,310.0,670.0,470.0,1805.0,50.0,600.0,1135.0,845.0,775.0,605.0,670.0,625.0,1280.0,975.0,865.0,715.0,915.0,320.0,330.0,425.0,485.0,480.0
Yonge-St.Clair,7.5,10708.0,140.0,900.0,210.0,975.0,195.0,2785.0,290.0,130.0,1600.0,180.0,5705.0,3805.0,260.0,905.0,640.0,520.0,4315.0,450.0,220.0,130.0,1370.0,3465.0,2425.0,595.0,395.0,135.0,625.0,475.0,450.0,335.0,305.0,570.0,350.0,1390.0,8325.0,1245.0,365.0,605.0,700.0,670.0,395.0,215.0,2525.0,5780.0,1005.0,1845.0,430.0,2675.0,1565.0,270.0,295.0,300.0,370.0,495.0,620.0,1230.0,80.0,405.0,1250.0,775.0,765.0,625.0,1190.0,515.0,1445.0,860.0,855.0,905.0,1705.0,365.0,410.0,505.0,590.0,645.0
York University Heights,-0.4,2086.0,2270.0,3875.0,920.0,2915.0,610.0,3135.0,305.0,95.0,935.0,155.0,10420.0,9685.0,845.0,1490.0,1120.0,1235.0,5505.0,1360.0,775.0,280.0,995.0,2660.0,2825.0,1860.0,1495.0,1325.0,1065.0,870.0,715.0,575.0,435.0,700.0,355.0,320.0,10295.0,3215.0,1910.0,3405.0,4190.0,2850.0,1690.0,220.0,2045.0,2190.0,515.0,735.0,175.0,1365.0,5260.0,145.0,3345.0,2055.0,2450.0,1945.0,4455.0,6295.0,20.0,2515.0,2650.0,1650.0,1735.0,1440.0,1560.0,2250.0,2390.0,1840.0,2030.0,1530.0,1960.0,570.0,890.0,1135.0,1295.0,1200.0
Yorkdale-Glen Park,0.8,2451.0,1250.0,2115.0,480.0,1525.0,260.0,1240.0,180.0,55.0,385.0,80.0,6235.0,4115.0,385.0,875.0,1235.0,2165.0,1185.0,80.0,600.0,465.0,830.0,1355.0,1615.0,1010.0,780.0,590.0,500.0,445.0,365.0,290.0,270.0,470.0,280.0,435.0,6380.0,2835.0,965.0,1305.0,1310.0,855.0,375.0,105.0,1040.0,1070.0,285.0,370.0,45.0,765.0,6150.0,70.0,935.0,1025.0,820.0,310.0,970.0,2875.0,10.0,985.0,890.0,825.0,1000.0,835.0,1320.0,885.0,1020.0,970.0,1150.0,985.0,1970.0,185.0,345.0,550.0,635.0,590.0
